0000000500;scans;0000000054;DataLength
"header";0000000020;"lines"
"Date";01.01.2008;"Time";00:18:34
"ID";"HAL IV RC RGA 201 #9279";"Version";3
"Scans";1
"Scan ID";"Mode";"Input";"Scanned";"Start";"Stop";"Increment";"Dwell";"Settle";"RS";"RelSEM"
"Scan 1";"RGA";"Faraday";"mass";1.00;50.00;1.00;100.000%;100.000%;1.000000;1.000000;
"Environment";
"Global";"RGA"
"F1";0;"( 1 = on, 0 = off )"
"F2";1;"( 1 = on, 0 = off )"
"cage";3.0;"V"
"delta-m";20;"%"
"electron-energy";70.0;"V"
"emission";1000;"uA"
"focus";-90;"V"
"mass";5.50;"amu"
"mode-change-delay";1000;"ms"
"multiplier";800;"V"
"resolution";10;"%"
"Data";1
"Cycle";"Time";"ms";"mass amu";"Faraday torr"
0000000001;00:00:01;0000001020;    1.00; 7.79020e-09
0000000001;00:00:01;0000001020;    2.00; 8.09410e-09
0000000001;00:00:01;0000001020;    3.00; 2.15474e-09
0000000001;00:00:01;0000001020;    4.00;-1.57462e-09
0000000001;00:00:01;0000001020;    5.00; 1.29837e-09
0000000001;00:00:01;0000001020;    6.00; 5.80124e-10
0000000001;00:00:01;0000001020;    7.00; 2.92824e-09
0000000001;00:00:01;0000001020;    8.00; 7.18249e-10
0000000001;00:00:01;0000001020;    9.00;-8.28740e-11
0000000001;00:00:01;0000001020;   10.00; 1.62987e-09
0000000001;00:00:01;0000001020;   11.00; 1.49174e-09
0000000001;00:00:01;0000001020;   12.00; 1.60224e-09
0000000001;00:00:01;0000001020;   13.00; 3.31499e-10
0000000001;00:00:01;0000001020;   14.00; 1.82324e-09
0000000001;00:00:01;0000001020;   15.00; 1.71274e-09
0000000001;00:00:01;0000001020;   16.00; 2.51387e-09
0000000001;00:00:01;0000001020;   17.00; 4.94487e-09
0000000001;00:00:01;0000001020;   18.00; 1.75418e-08
0000000001;00:00:01;0000001020;   19.00; 1.93374e-09
0000000001;00:00:01;0000001020;   20.00; 1.29837e-09
0000000001;00:00:01;0000001020;   21.00; 1.24312e-09
0000000001;00:00:01;0000001020;   22.00; 7.45874e-10
0000000001;00:00:01;0000001020;   23.00;-2.76249e-10
0000000001;00:00:01;0000001020;   24.00; 1.02212e-09
0000000001;00:00:01;0000001020;   25.00; 2.51387e-09
0000000001;00:00:01;0000001020;   26.00; 1.18787e-09
0000000001;00:00:01;0000001020;   27.00; 3.86749e-10
0000000001;00:00:01;0000001020;   28.00; 4.91724e-09
0000000001;00:00:01;0000001020;   29.00; 9.11624e-10
0000000001;00:00:01;0000001020;   30.00; 2.67962e-09
0000000001;00:00:01;0000001020;   31.00; 1.57462e-09
0000000001;00:00:01;0000001020;   32.00; 4.22662e-09
0000000001;00:00:01;0000001020;   33.00; 1.21549e-09
0000000001;00:00:01;0000001020;   34.00; 9.11624e-10
0000000001;00:00:01;0000001020;   35.00; 2.59674e-09
0000000001;00:00:01;0000001020;   36.00; 2.26524e-09
0000000001;00:00:01;0000001020;   37.00; 1.40887e-09
0000000001;00:00:01;0000001020;   38.00; 2.32049e-09
0000000001;00:00:01;0000001020;   39.00; 1.29837e-09
0000000001;00:00:01;0000001020;   40.00; 9.39240e-10
0000000001;00:00:01;0000001020;   41.00; 2.51387e-09
0000000001;00:00:01;0000001020;   42.00; 2.29287e-09
0000000001;00:00:01;0000001020;   43.00; 2.40337e-09
0000000001;00:00:01;0000001020;   44.00; 7.65210e-09
0000000001;00:00:01;0000001020;   45.00; 2.51387e-09
0000000001;00:00:01;0000001020;   46.00; 2.98349e-09
0000000001;00:00:01;0000001020;   47.00; 3.23212e-09
0000000001;00:00:01;0000001020;   48.00; 1.04974e-09
0000000001;00:00:01;0000001020;   49.00; 1.79562e-09
0000000001;00:00:01;0000001020;   50.00; 2.87299e-09
0000000002;00:00:05;0000005919;    1.00; 5.96699e-09
0000000002;00:00:05;0000005919;    2.00; 8.25560e-09
0000000002;00:00:05;0000005919;    3.00; 2.76249e-11
0000000002;00:00:05;0000005919;    4.00; 5.52499e-11
0000000002;00:00:05;0000005919;    5.00;-9.72390e-12
0000000002;00:00:05;0000005919;    6.00; 1.51384e-11
0000000002;00:00:05;0000005919;    7.00; 1.38124e-11
0000000002;00:00:05;0000005919;    8.00; 1.23759e-11
0000000002;00:00:05;0000005919;    9.00; 2.20999e-11
0000000002;00:00:05;0000005919;   10.00; 4.08849e-12
0000000002;00:00:05;0000005919;   11.00; 1.10499e-11
0000000002;00:00:05;0000005919;   12.00; 1.97463e-10
0000000002;00:00:05;0000005919;   13.00; 1.23759e-11
0000000002;00:00:05;0000005919;   14.00; 9.94490e-11
0000000002;00:00:05;0000005919;   15.00; 6.90620e-11
0000000002;00:00:05;0000005919;   16.00; 8.06649e-10
0000000002;00:00:05;0000005919;   17.00; 3.26107e-09
0000000002;00:00:05;0000005919;   18.00; 1.24561e-08
0000000002;00:00:05;0000005919;   19.00; 9.40570e-10
0000000002;00:00:05;0000005919;   20.00; 5.24874e-11
0000000002;00:00:05;0000005919;   21.00; 4.14374e-11
0000000002;00:00:05;0000005919;   22.00; 6.35370e-11
0000000002;00:00:05;0000005919;   23.00; 2.06634e-11
0000000002;00:00:05;0000005919;   24.00; 1.10499e-11
0000000002;00:00:05;0000005919;   25.00; 6.35370e-11
0000000002;00:00:05;0000005919;   26.00; 8.83990e-11
0000000002;00:00:05;0000005919;   27.00; 1.27074e-10
0000000002;00:00:05;0000005919;   28.00; 2.16027e-09
0000000002;00:00:05;0000005919;   29.00; 1.29837e-10
0000000002;00:00:05;0000005919;   30.00; 2.61000e-10
0000000002;00:00:05;0000005919;   31.00; 4.82884e-11
0000000002;00:00:05;0000005919;   32.00; 1.13395e-09
0000000002;00:00:05;0000005919;   33.00; 2.76249e-12
0000000002;00:00:05;0000005919;   34.00; 2.20999e-11
0000000002;00:00:05;0000005919;   35.00; 4.27634e-11
0000000002;00:00:05;0000005919;   36.00; 4.69624e-11
0000000002;00:00:05;0000005919;   37.00; 3.59124e-11
0000000002;00:00:05;0000005919;   38.00; 1.65749e-11
0000000002;00:00:05;0000005919;   39.00; 6.35370e-11
0000000002;00:00:05;0000005919;   40.00; 4.82884e-11
0000000002;00:00:05;0000005919;   41.00; 3.03874e-11
0000000002;00:00:05;0000005919;   42.00; 7.73490e-11
0000000002;00:00:05;0000005919;   43.00; 5.65759e-11
0000000002;00:00:05;0000005919;   44.00; 3.67688e-09
0000000002;00:00:05;0000005919;   45.00; 1.28400e-10
0000000002;00:00:05;0000005919;   46.00; 6.76250e-11
0000000002;00:00:05;0000005919;   47.00; 1.23759e-11
0000000002;00:00:05;0000005919;   48.00; 2.34259e-11
0000000002;00:00:05;0000005919;   49.00; 2.06634e-11
0000000002;00:00:05;0000005919;   50.00; 1.38124e-11
0000000003;00:00:27;0000027979;    1.00; 5.85373e-09
0000000003;00:00:27;0000027979;    2.00; 7.20868e-09
0000000003;00:00:27;0000027979;    3.00;-1.80114e-11
0000000003;00:00:27;0000027979;    4.00; 9.61340e-12
0000000003;00:00:27;0000027979;    5.00;-1.65749e-11
0000000003;00:00:27;0000027979;    6.00;-1.24864e-11
0000000003;00:00:27;0000027979;    7.00;-4.01114e-11
0000000003;00:00:27;0000027979;    8.00; 9.61340e-12
0000000003;00:00:27;0000027979;    9.00;-5.52499e-12
0000000003;00:00:27;0000027979;   10.00;-1.65749e-11
0000000003;00:00:27;0000027979;   11.00;-1.80114e-11
0000000003;00:00:27;0000027979;   12.00; 1.96137e-10
0000000003;00:00:27;0000027979;   13.00;-2.76249e-12
0000000003;00:00:27;0000027979;   14.00; 6.90620e-11
0000000003;00:00:27;0000027979;   15.00; 4.14374e-11
0000000003;00:00:27;0000027979;   16.00; 7.34824e-10
0000000003;00:00:27;0000027979;   17.00; 3.18372e-09
0000000003;00:00:27;0000027979;   18.00; 1.22419e-08
0000000003;00:00:27;0000027979;   19.00; 8.75711e-10
0000000003;00:00:27;0000027979;   20.00;-2.35364e-11
0000000003;00:00:27;0000027979;   21.00;-3.45864e-11
0000000003;00:00:27;0000027979;   22.00; 1.23759e-11
0000000003;00:00:27;0000027979;   23.00; 1.23759e-11
0000000003;00:00:27;0000027979;   24.00;-1.93374e-11
0000000003;00:00:27;0000027979;   25.00;-8.28740e-12
0000000003;00:00:27;0000027979;   26.00;-4.19899e-12
0000000003;00:00:27;0000027979;   27.00; 5.52499e-11
0000000003;00:00:27;0000027979;   28.00; 2.11883e-09
0000000003;00:00:27;0000027979;   29.00; 1.36688e-10
0000000003;00:00:27;0000027979;   30.00; 1.85087e-10
0000000003;00:00:27;0000027979;   31.00;-1.10499e-11
0000000003;00:00:27;0000027979;   32.00; 9.72390e-10
0000000003;00:00:27;0000027979;   33.00;-2.35364e-11
0000000003;00:00:27;0000027979;   34.00;-2.07739e-11
0000000003;00:00:27;0000027979;   35.00; 6.85099e-12
0000000003;00:00:27;0000027979;   36.00;-2.90614e-11
0000000003;00:00:27;0000027979;   37.00;-1.80114e-11
0000000003;00:00:27;0000027979;   38.00; 2.76249e-11
0000000003;00:00:27;0000027979;   39.00;-3.18239e-11
0000000003;00:00:27;0000027979;   40.00;-1.38124e-11
0000000003;00:00:27;0000027979;   41.00; 2.89509e-11
0000000003;00:00:27;0000027979;   42.00; 2.48624e-11
0000000003;00:00:27;0000027979;   43.00; 2.89509e-11
0000000003;00:00:27;0000027979;   44.00; 3.63124e-09
0000000003;00:00:27;0000027979;   45.00; 5.10509e-11
0000000003;00:00:27;0000027979;   46.00; 3.44759e-11
0000000003;00:00:27;0000027979;   47.00; 1.10499e-11
0000000003;00:00:27;0000027979;   48.00; 9.61340e-12
0000000003;00:00:27;0000027979;   49.00;-6.96149e-12
0000000003;00:00:27;0000027979;   50.00;-3.45864e-11
0000000004;00:00:47;0000047038;    1.00; 5.78886e-09
0000000004;00:00:47;0000047038;    2.00; 6.83994e-09
0000000004;00:00:47;0000047038;    3.00; 4.97249e-11
0000000004;00:00:47;0000047038;    4.00; 6.07740e-11
0000000004;00:00:47;0000047038;    5.00;-4.08849e-12
0000000004;00:00:47;0000047038;    6.00; 3.45864e-11
0000000004;00:00:47;0000047038;    7.00;-2.76249e-12
0000000004;00:00:47;0000047038;    8.00; 3.73489e-11
0000000004;00:00:47;0000047038;    9.00;-6.85099e-12
0000000004;00:00:47;0000047038;   10.00; 2.76249e-11
0000000004;00:00:47;0000047038;   11.00;-2.76249e-12
0000000004;00:00:47;0000047038;   12.00; 2.12712e-10
0000000004;00:00:47;0000047038;   13.00; 3.03874e-11
0000000004;00:00:47;0000047038;   14.00; 7.04980e-11
0000000004;00:00:47;0000047038;   15.00; 8.70730e-11
0000000004;00:00:47;0000047038;   16.00; 7.85985e-10
0000000004;00:00:47;0000047038;   17.00; 3.23764e-09
0000000004;00:00:47;0000047038;   18.00; 1.24962e-08
0000000004;00:00:47;0000047038;   19.00; 8.96485e-10
0000000004;00:00:47;0000047038;   20.00; 2.20999e-11
0000000004;00:00:47;0000047038;   21.00; 2.35364e-11
0000000004;00:00:47;0000047038;   22.00; 5.24874e-11
0000000004;00:00:47;0000047038;   23.00;-5.52499e-12
0000000004;00:00:47;0000047038;   24.00; 2.62989e-11
0000000004;00:00:47;0000047038;   25.00; 4.19899e-12
0000000004;00:00:47;0000047038;   26.00; 5.11614e-11
0000000004;00:00:47;0000047038;   27.00; 1.06411e-10
0000000004;00:00:47;0000047038;   28.00; 2.24038e-09
0000000004;00:00:47;0000047038;   29.00; 1.39561e-10
0000000004;00:00:47;0000047038;   30.00; 2.45862e-10
0000000004;00:00:47;0000047038;   31.00; 4.28739e-11
0000000004;00:00:47;0000047038;   32.00; 9.46210e-10
0000000004;00:00:47;0000047038;   33.00;-9.61340e-12
0000000004;00:00:47;0000047038;   34.00; 4.19899e-12
0000000004;00:00:47;0000047038;   35.00; 5.24874e-11
0000000004;00:00:47;0000047038;   36.00;-1.23759e-11
0000000004;00:00:47;0000047038;   37.00; 2.62989e-11
0000000004;00:00:47;0000047038;   38.00; 8.28740e-12
0000000004;00:00:47;0000047038;   39.00; 4.14374e-11
0000000004;00:00:47;0000047038;   40.00; 1.38124e-11
0000000004;00:00:47;0000047038;   41.00; 3.86749e-11
0000000004;00:00:47;0000047038;   42.00; 4.69624e-11
0000000004;00:00:47;0000047038;   43.00; 6.07740e-11
0000000004;00:00:47;0000047038;   44.00; 3.72528e-09
0000000004;00:00:47;0000047038;   45.00; 7.73490e-11
0000000004;00:00:47;0000047038;   46.00; 1.80114e-11
0000000004;00:00:47;0000047038;   47.00; 8.28740e-12
0000000004;00:00:47;0000047038;   48.00; 3.18239e-11
0000000004;00:00:47;0000047038;   49.00; 2.90614e-11
0000000004;00:00:47;0000047038;   50.00; 4.28739e-11
0000000005;00:01:06;0000066108;    1.00; 5.77229e-09
0000000005;00:01:06;0000066108;    2.00; 6.65485e-09
0000000005;00:01:06;0000066108;    3.00; 2.20999e-11
0000000005;00:01:06;0000066108;    4.00; 3.18239e-11
0000000005;00:01:06;0000066108;    5.00;-1.38124e-11
0000000005;00:01:06;0000066108;    6.00; 4.19899e-12
0000000005;00:01:06;0000066108;    7.00; 1.52489e-11
0000000005;00:01:06;0000066108;    8.00;-4.08849e-12
0000000005;00:01:06;0000066108;    9.00;-1.32599e-12
0000000005;00:01:06;0000066108;   10.00; 1.10499e-11
0000000005;00:01:06;0000066108;   11.00;-8.28740e-12
0000000005;00:01:06;0000066108;   12.00; 2.09949e-10
0000000005;00:01:06;0000066108;   13.00; 4.41999e-11
0000000005;00:01:06;0000066108;   14.00; 5.80124e-11
0000000005;00:01:06;0000066108;   15.00; 8.43110e-11
0000000005;00:01:06;0000066108;   16.00; 7.56924e-10
0000000005;00:01:06;0000066108;   17.00; 3.31223e-09
0000000005;00:01:06;0000066108;   18.00; 1.28415e-08
0000000005;00:01:06;0000066108;   19.00; 9.17149e-10
0000000005;00:01:06;0000066108;   20.00; 1.65749e-11
0000000005;00:01:06;0000066108;   21.00; 2.07739e-11
0000000005;00:01:06;0000066108;   22.00; 2.62989e-11
0000000005;00:01:06;0000066108;   23.00; 1.24864e-11
0000000005;00:01:06;0000066108;   24.00; 2.62989e-11
0000000005;00:01:06;0000066108;   25.00;-9.61340e-12
0000000005;00:01:06;0000066108;   26.00; 5.80124e-11
0000000005;00:01:06;0000066108;   27.00; 8.01120e-11
0000000005;00:01:06;0000066108;   28.00; 2.30944e-09
0000000005;00:01:06;0000066108;   29.00; 1.25748e-10
0000000005;00:01:06;0000066108;   30.00; 2.11386e-10
0000000005;00:01:06;0000066108;   31.00; 4.19899e-12
0000000005;00:01:06;0000066108;   32.00; 8.88198e-10
0000000005;00:01:06;0000066108;   33.00; 1.80114e-11
0000000005;00:01:06;0000066108;   34.00; 2.62989e-11
0000000005;00:01:06;0000066108;   35.00; 3.03874e-11
0000000005;00:01:06;0000066108;   36.00; 2.62989e-11
0000000005;00:01:06;0000066108;   37.00; 1.10499e-11
0000000005;00:01:06;0000066108;   38.00;-4.08849e-12
0000000005;00:01:06;0000066108;   39.00; 3.73489e-11
0000000005;00:01:06;0000066108;   40.00; 2.07739e-11
0000000005;00:01:06;0000066108;   41.00; 4.14374e-11
0000000005;00:01:06;0000066108;   42.00; 2.76249e-11
0000000005;00:01:06;0000066108;   43.00; 4.41999e-11
0000000005;00:01:06;0000066108;   44.00; 3.78053e-09
0000000005;00:01:06;0000066108;   45.00; 1.07737e-10
0000000005;00:01:06;0000066108;   46.00; 2.48624e-11
0000000005;00:01:06;0000066108;   47.00; 1.43649e-12
0000000005;00:01:06;0000066108;   48.00; 3.45864e-11
0000000005;00:01:06;0000066108;   49.00; 6.96149e-12
0000000005;00:01:06;0000066108;   50.00; 2.35364e-11
0000000006;00:01:25;0000085179;    1.00; 5.77362e-09
0000000006;00:01:25;0000085179;    2.00; 6.55684e-09
0000000006;00:01:25;0000085179;    3.00; 2.20999e-11
0000000006;00:01:25;0000085179;    4.00; 1.52489e-11
0000000006;00:01:25;0000085179;    5.00; 1.52489e-11
0000000006;00:01:25;0000085179;    6.00;-2.76249e-12
0000000006;00:01:25;0000085179;    7.00; 0.00000e+00
0000000006;00:01:25;0000085179;    8.00;-2.34259e-11
0000000006;00:01:25;0000085179;    9.00;-1.79009e-11
0000000006;00:01:25;0000085179;   10.00;-3.59124e-11
0000000006;00:01:25;0000085179;   11.00; 0.00000e+00
0000000006;00:01:25;0000085179;   12.00; 1.96137e-10
0000000006;00:01:25;0000085179;   13.00; 5.52499e-12
0000000006;00:01:25;0000085179;   14.00; 7.04980e-11
0000000006;00:01:25;0000085179;   15.00; 7.32610e-11
0000000006;00:01:25;0000085179;   16.00; 8.13610e-10
0000000006;00:01:25;0000085179;   17.00; 3.41312e-09
0000000006;00:01:25;0000085179;   18.00; 1.31771e-08
0000000006;00:01:25;0000085179;   19.00; 9.13060e-10
0000000006;00:01:25;0000085179;   20.00; 1.43649e-12
0000000006;00:01:25;0000085179;   21.00;-5.52499e-12
0000000006;00:01:25;0000085179;   22.00; 4.97249e-11
0000000006;00:01:25;0000085179;   23.00; 2.76249e-12
0000000006;00:01:25;0000085179;   24.00; 1.10499e-11
0000000006;00:01:25;0000085179;   25.00; 1.10499e-11
0000000006;00:01:25;0000085179;   26.00; 4.69624e-11
0000000006;00:01:25;0000085179;   27.00; 9.94490e-11
0000000006;00:01:25;0000085179;   28.00; 2.32602e-09
0000000006;00:01:25;0000085179;   29.00; 1.29837e-10
0000000006;00:01:25;0000085179;   30.00; 1.76799e-10
0000000006;00:01:25;0000085179;   31.00; 1.43649e-12
0000000006;00:01:25;0000085179;   32.00; 8.38473e-10
0000000006;00:01:25;0000085179;   33.00; 1.65749e-11
0000000006;00:01:25;0000085179;   34.00; 1.24864e-11
0000000006;00:01:25;0000085179;   35.00; 3.73489e-11
0000000006;00:01:25;0000085179;   36.00; 3.03874e-11
0000000006;00:01:25;0000085179;   37.00; 8.28740e-12
0000000006;00:01:25;0000085179;   38.00; 6.96149e-12
0000000006;00:01:25;0000085179;   39.00;-1.32599e-12
0000000006;00:01:25;0000085179;   40.00; 2.20999e-11
0000000006;00:01:25;0000085179;   41.00; 3.59124e-11
0000000006;00:01:25;0000085179;   42.00; 3.18239e-11
0000000006;00:01:25;0000085179;   43.00; 5.24874e-11
0000000006;00:01:25;0000085179;   44.00; 3.78329e-09
0000000006;00:01:25;0000085179;   45.00; 1.00886e-10
0000000006;00:01:25;0000085179;   46.00; 8.28740e-12
0000000006;00:01:25;0000085179;   47.00;-1.32599e-12
0000000006;00:01:25;0000085179;   48.00; 2.90614e-11
0000000006;00:01:25;0000085179;   49.00; 2.62989e-11
0000000006;00:01:25;0000085179;   50.00; 1.52489e-11
0000000007;00:01:44;0000104256;    1.00; 5.72798e-09
0000000007;00:01:44;0000104256;    2.00; 6.44070e-09
0000000007;00:01:44;0000104256;    3.00;-1.43649e-12
0000000007;00:01:44;0000104256;    4.00; 4.00009e-11
0000000007;00:01:44;0000104256;    5.00;-1.38124e-11
0000000007;00:01:44;0000104256;    6.00;-6.96149e-12
0000000007;00:01:44;0000104256;    7.00;-1.65749e-11
0000000007;00:01:44;0000104256;    8.00; 9.61340e-12
0000000007;00:01:44;0000104256;    9.00; 1.10499e-11
0000000007;00:01:44;0000104256;   10.00;-4.19899e-12
0000000007;00:01:44;0000104256;   11.00; 6.85099e-12
0000000007;00:01:44;0000104256;   12.00; 1.86413e-10
0000000007;00:01:44;0000104256;   13.00;-1.38124e-11
0000000007;00:01:44;0000104256;   14.00; 8.42000e-11
0000000007;00:01:44;0000104256;   15.00; 8.83990e-11
0000000007;00:01:44;0000104256;   16.00; 8.03886e-10
0000000007;00:01:44;0000104256;   17.00; 3.46969e-09
0000000007;00:01:44;0000104256;   18.00; 1.34533e-08
0000000007;00:01:44;0000104256;   19.00; 9.51620e-10
0000000007;00:01:44;0000104256;   20.00; 2.48624e-11
0000000007;00:01:44;0000104256;   21.00;-9.72390e-12
0000000007;00:01:44;0000104256;   22.00; 4.55259e-11
0000000007;00:01:44;0000104256;   23.00; 2.76249e-12
0000000007;00:01:44;0000104256;   24.00; 3.86749e-11
0000000007;00:01:44;0000104256;   25.00;-3.59124e-11
0000000007;00:01:44;0000104256;   26.00; 1.93374e-11
0000000007;00:01:44;0000104256;   27.00; 9.11620e-11
0000000007;00:01:44;0000104256;   28.00; 2.39088e-09
0000000007;00:01:44;0000104256;   29.00; 1.32599e-10
0000000007;00:01:44;0000104256;   30.00; 1.60224e-10
0000000007;00:01:44;0000104256;   31.00;-2.76249e-12
0000000007;00:01:44;0000104256;   32.00; 8.46650e-10
0000000007;00:01:44;0000104256;   33.00;-2.48624e-11
0000000007;00:01:44;0000104256;   34.00; 2.89509e-11
0000000007;00:01:44;0000104256;   35.00; 3.31499e-11
0000000007;00:01:44;0000104256;   36.00;-2.20999e-11
0000000007;00:01:44;0000104256;   37.00; 1.38124e-11
0000000007;00:01:44;0000104256;   38.00;-6.96149e-12
0000000007;00:01:44;0000104256;   39.00; 2.76249e-11
0000000007;00:01:44;0000104256;   40.00;-1.43649e-12
0000000007;00:01:44;0000104256;   41.00; 5.10509e-11
0000000007;00:01:44;0000104256;   42.00; 6.85099e-12
0000000007;00:01:44;0000104256;   43.00; 4.55259e-11
0000000007;00:01:44;0000104256;   44.00; 3.76252e-09
0000000007;00:01:44;0000104256;   45.00; 1.03538e-10
0000000007;00:01:44;0000104256;   46.00;-1.38124e-11
0000000007;00:01:44;0000104256;   47.00; 4.14374e-11
0000000007;00:01:44;0000104256;   48.00; 2.48624e-11
0000000007;00:01:44;0000104256;   49.00; 2.76249e-12
0000000007;00:01:44;0000104256;   50.00; 1.10499e-11
0000000008;00:02:03;0000123315;    1.00; 5.72942e-09
0000000008;00:02:03;0000123315;    2.00; 6.39661e-09
0000000008;00:02:03;0000123315;    3.00; 3.03874e-11
0000000008;00:02:03;0000123315;    4.00; 7.32610e-11
0000000008;00:02:03;0000123315;    5.00; 5.24874e-11
0000000008;00:02:03;0000123315;    6.00;-1.32599e-12
0000000008;00:02:03;0000123315;    7.00; 3.73489e-11
0000000008;00:02:03;0000123315;    8.00; 4.69624e-11
0000000008;00:02:03;0000123315;    9.00; 6.62990e-11
0000000008;00:02:03;0000123315;   10.00; 2.07739e-11
0000000008;00:02:03;0000123315;   11.00; 2.20999e-11
0000000008;00:02:03;0000123315;   12.00; 2.32049e-10
0000000008;00:02:03;0000123315;   13.00; 2.35364e-11
0000000008;00:02:03;0000123315;   14.00; 7.04980e-11
0000000008;00:02:03;0000123315;   15.00; 8.01120e-11
0000000008;00:02:03;0000123315;   16.00; 8.37036e-10
0000000008;00:02:03;0000123315;   17.00; 3.53743e-09
0000000008;00:02:03;0000123315;   18.00; 1.37034e-08
0000000008;00:02:03;0000123315;   19.00; 9.61340e-10
0000000008;00:02:03;0000123315;   20.00; 4.56364e-11
0000000008;00:02:03;0000123315;   21.00;-1.93374e-11
0000000008;00:02:03;0000123315;   22.00; 7.73490e-11
0000000008;00:02:03;0000123315;   23.00; 8.28740e-12
0000000008;00:02:03;0000123315;   24.00; 2.07739e-11
0000000008;00:02:03;0000123315;   25.00; 1.10499e-11
0000000008;00:02:03;0000123315;   26.00; 6.62990e-11
0000000008;00:02:03;0000123315;   27.00; 1.06411e-10
0000000008;00:02:03;0000123315;   28.00; 2.45309e-09
0000000008;00:02:03;0000123315;   29.00; 1.54699e-10
0000000008;00:02:03;0000123315;   30.00; 1.50611e-10
0000000008;00:02:03;0000123315;   31.00; 2.20999e-11
0000000008;00:02:03;0000123315;   32.00; 8.20461e-10
0000000008;00:02:03;0000123315;   33.00;-4.08849e-12
0000000008;00:02:03;0000123315;   34.00; 1.52489e-11
0000000008;00:02:03;0000123315;   35.00; 6.07740e-11
0000000008;00:02:03;0000123315;   36.00; 3.31499e-11
0000000008;00:02:03;0000123315;   37.00; 1.43649e-12
0000000008;00:02:03;0000123315;   38.00; 5.52499e-11
0000000008;00:02:03;0000123315;   39.00; 5.94480e-11
0000000008;00:02:03;0000123315;   40.00; 3.31499e-11
0000000008;00:02:03;0000123315;   41.00; 5.39239e-11
0000000008;00:02:03;0000123315;   42.00; 1.10499e-11
0000000008;00:02:03;0000123315;   43.00; 7.04980e-11
0000000008;00:02:03;0000123315;   44.00; 3.77909e-09
0000000008;00:02:03;0000123315;   45.00; 1.03648e-10
0000000008;00:02:03;0000123315;   46.00; 3.45864e-11
0000000008;00:02:03;0000123315;   47.00; 2.07739e-11
0000000008;00:02:03;0000123315;   48.00; 3.45864e-11
0000000008;00:02:03;0000123315;   49.00; 2.76249e-11
0000000008;00:02:03;0000123315;   50.00;-4.08849e-12
0000000009;00:02:22;0000142340;    1.00; 5.66997e-09
0000000009;00:02:22;0000142340;    2.00; 6.27495e-09
0000000009;00:02:22;0000142340;    3.00;-8.28740e-12
0000000009;00:02:22;0000142340;    4.00;-1.43649e-12
0000000009;00:02:22;0000142340;    5.00;-1.52489e-11
0000000009;00:02:22;0000142340;    6.00;-4.83989e-11
0000000009;00:02:22;0000142340;    7.00;-4.19899e-12
0000000009;00:02:22;0000142340;    8.00;-4.01114e-11
0000000009;00:02:22;0000142340;    9.00;-5.24874e-11
0000000009;00:02:22;0000142340;   10.00;-4.28739e-11
0000000009;00:02:22;0000142340;   11.00;-3.45864e-11
0000000009;00:02:22;0000142340;   12.00; 1.58788e-10
0000000009;00:02:22;0000142340;   13.00;-4.56364e-11
0000000009;00:02:22;0000142340;   14.00; 2.89509e-11
0000000009;00:02:22;0000142340;   15.00; 6.48630e-11
0000000009;00:02:22;0000142340;   16.00; 7.70736e-10
0000000009;00:02:22;0000142340;   17.00; 3.58019e-09
0000000009;00:02:22;0000142340;   18.00; 1.38290e-08
0000000009;00:02:22;0000142340;   19.00; 9.01900e-10
0000000009;00:02:22;0000142340;   20.00;-1.24864e-11
0000000009;00:02:22;0000142340;   21.00;-2.48624e-11
0000000009;00:02:22;0000142340;   22.00; 8.28740e-12
0000000009;00:02:22;0000142340;   23.00;-2.35364e-11
0000000009;00:02:22;0000142340;   24.00;-2.35364e-11
0000000009;00:02:22;0000142340;   25.00;-2.48624e-11
0000000009;00:02:22;0000142340;   26.00;-1.65749e-11
0000000009;00:02:22;0000142340;   27.00; 2.20999e-11
0000000009;00:02:22;0000142340;   28.00; 2.44337e-09
0000000009;00:02:22;0000142340;   29.00; 1.02212e-10
0000000009;00:02:22;0000142340;   30.00; 1.56025e-10
0000000009;00:02:22;0000142340;   31.00;-5.39239e-11
0000000009;00:02:22;0000142340;   32.00; 7.25100e-10
0000000009;00:02:22;0000142340;   33.00;-6.62990e-11
0000000009;00:02:22;0000142340;   34.00;-3.18239e-11
0000000009;00:02:22;0000142340;   35.00;-2.90614e-11
0000000009;00:02:22;0000142340;   36.00;-2.62989e-11
0000000009;00:02:22;0000142340;   37.00;-2.07739e-11
0000000009;00:02:22;0000142340;   38.00;-4.69624e-11
0000000009;00:02:22;0000142340;   39.00;-2.07739e-11
0000000009;00:02:22;0000142340;   40.00;-1.80114e-11
0000000009;00:02:22;0000142340;   41.00;-4.01114e-11
0000000009;00:02:22;0000142340;   42.00;-6.96149e-12
0000000009;00:02:22;0000142340;   43.00;-2.76249e-12
0000000009;00:02:22;0000142340;   44.00; 3.68793e-09
0000000009;00:02:22;0000142340;   45.00; 9.11620e-11
0000000009;00:02:22;0000142340;   46.00;-2.76249e-12
0000000009;00:02:22;0000142340;   47.00;-3.45864e-11
0000000009;00:02:22;0000142340;   48.00;-1.43649e-12
0000000009;00:02:22;0000142340;   49.00;-3.59124e-11
0000000009;00:02:22;0000142340;   50.00;-4.41999e-11
0000000010;00:02:41;0000161388;    1.00; 5.63129e-09
0000000010;00:02:41;0000161388;    2.00; 6.22390e-09
0000000010;00:02:41;0000161388;    3.00; 9.61340e-12
0000000010;00:02:41;0000161388;    4.00; 9.61340e-12
0000000010;00:02:41;0000161388;    5.00;-3.18239e-11
0000000010;00:02:41;0000161388;    6.00;-1.10499e-11
0000000010;00:02:41;0000161388;    7.00;-2.20999e-11
0000000010;00:02:41;0000161388;    8.00;-1.65749e-11
0000000010;00:02:41;0000161388;    9.00;-6.96149e-12
0000000010;00:02:41;0000161388;   10.00;-1.43649e-12
0000000010;00:02:41;0000161388;   11.00;-1.52489e-11
0000000010;00:02:41;0000161388;   12.00; 2.02988e-10
0000000010;00:02:41;0000161388;   13.00; 2.34259e-11
0000000010;00:02:41;0000161388;   14.00; 3.86749e-11
0000000010;00:02:41;0000161388;   15.00; 3.72384e-11
0000000010;00:02:41;0000161388;   16.00; 8.03886e-10
0000000010;00:02:41;0000161388;   17.00; 3.56914e-09
0000000010;00:02:41;0000161388;   18.00; 1.40473e-08
0000000010;00:02:41;0000161388;   19.00; 9.48860e-10
0000000010;00:02:41;0000161388;   20.00;-6.96149e-12
0000000010;00:02:41;0000161388;   21.00;-3.73489e-11
0000000010;00:02:41;0000161388;   22.00;-1.43649e-12
0000000010;00:02:41;0000161388;   23.00;-4.28739e-11
0000000010;00:02:41;0000161388;   24.00;-2.62989e-11
0000000010;00:02:41;0000161388;   25.00;-3.59124e-11
0000000010;00:02:41;0000161388;   26.00; 1.32599e-12
0000000010;00:02:41;0000161388;   27.00; 7.45870e-11
0000000010;00:02:41;0000161388;   28.00; 2.47099e-09
0000000010;00:02:41;0000161388;   29.00; 1.06300e-10
0000000010;00:02:41;0000161388;   30.00; 1.46412e-10
0000000010;00:02:41;0000161388;   31.00;-3.86749e-11
0000000010;00:02:41;0000161388;   32.00; 7.63775e-10
0000000010;00:02:41;0000161388;   33.00;-2.48624e-11
0000000010;00:02:41;0000161388;   34.00;-8.28740e-12
0000000010;00:02:41;0000161388;   35.00; 4.08849e-12
0000000010;00:02:41;0000161388;   36.00;-5.24874e-11
0000000010;00:02:41;0000161388;   37.00; 8.28740e-12
0000000010;00:02:41;0000161388;   38.00;-4.83989e-11
0000000010;00:02:41;0000161388;   39.00;-1.80114e-11
0000000010;00:02:41;0000161388;   40.00; 2.76249e-12
0000000010;00:02:41;0000161388;   41.00;-1.10499e-11
0000000010;00:02:41;0000161388;   42.00; 1.65749e-11
0000000010;00:02:41;0000161388;   43.00;-1.65749e-11
0000000010;00:02:41;0000161388;   44.00; 3.67544e-09
0000000010;00:02:41;0000161388;   45.00; 2.76249e-11
0000000010;00:02:41;0000161388;   46.00;-1.65749e-11
0000000010;00:02:41;0000161388;   47.00;-5.80124e-11
0000000010;00:02:41;0000161388;   48.00;-2.76249e-11
0000000010;00:02:41;0000161388;   49.00;-4.41999e-11
0000000010;00:02:41;0000161388;   50.00;-1.52489e-11
