0000001722;scans;0000000054;DataLength
"header";0000000020;"lines"
"Date";01.01.2008;"Time";01:20:32
"ID";"HAL IV RC RGA 201 #9279";"Version";3
"Scans";1
"Scan ID";"Mode";"Input";"Scanned";"Start";"Stop";"Increment";"Dwell";"Settle";"RS";"RelSEM"
"Scan 1";"RGA";"Faraday";"mass";1.00;50.00;0.20;100.000%;100.000%;1.000000;1.000000;
"Environment";
"Global";"RGA"
"F1";0;"( 1 = on, 0 = off )"
"F2";1;"( 1 = on, 0 = off )"
"cage";3.0;"V"
"delta-m";0;"%"
"electron-energy";70.0;"V"
"emission";1000;"uA"
"focus";-90;"V"
"mass";5.50;"amu"
"mode-change-delay";1000;"ms"
"multiplier";800;"V"
"resolution";0;"%"
"Data";1
"Cycle";"Time";"ms";"mass amu";"Faraday torr"
0000000001;00:00:00;0000000004;    1.00; 1.48069e-08
0000000001;00:00:00;0000000004;    1.20; 8.61890e-09
0000000001;00:00:00;0000000004;    1.40; 2.32049e-09
0000000001;00:00:00;0000000004;    1.60; 7.29299e-09
0000000001;00:00:00;0000000004;    1.80; 1.06079e-08
0000000001;00:00:00;0000000004;    2.00; 1.25969e-08
0000000001;00:00:00;0000000004;    2.20; 9.61340e-09
0000000001;00:00:00;0000000004;    2.40; 6.62999e-09
0000000001;00:00:00;0000000004;    2.60; 5.41449e-09
0000000001;00:00:00;0000000004;    2.80;-2.20999e-10
0000000001;00:00:00;0000000004;    3.00; 5.52499e-10
0000000001;00:00:00;0000000004;    3.20; 4.64099e-09
0000000001;00:00:00;0000000004;    3.40; 4.86199e-09
0000000001;00:00:00;0000000004;    3.60;-2.09949e-09
0000000001;00:00:00;0000000004;    3.80; 2.87299e-09
0000000001;00:00:00;0000000004;    4.00; 3.86749e-09
0000000001;00:00:00;0000000004;    4.20;-6.62999e-10
0000000001;00:00:00;0000000004;    4.40;-1.54699e-09
0000000001;00:00:00;0000000004;    4.60; 4.75149e-09
0000000001;00:00:00;0000000004;    4.80; 3.86749e-09
0000000001;00:00:00;0000000004;    5.00; 2.87299e-09
0000000001;00:00:00;0000000004;    5.20; 1.54699e-09
0000000001;00:00:00;0000000004;    5.40; 4.41999e-10
0000000001;00:00:00;0000000004;    5.60; 6.62999e-10
0000000001;00:00:00;0000000004;    5.80; 3.75699e-09
0000000001;00:00:00;0000000004;    6.00; 5.96699e-09
0000000001;00:00:00;0000000004;    6.20; 0.00000e+00
0000000001;00:00:00;0000000004;    6.40;-1.98899e-09
0000000001;00:00:00;0000000004;    6.60; 4.19899e-09
0000000001;00:00:00;0000000004;    6.80; 3.42549e-09
0000000001;00:00:00;0000000004;    7.00;-2.20999e-10
0000000001;00:00:00;0000000004;    7.20; 2.76249e-09
0000000001;00:00:00;0000000004;    7.40; 7.40349e-09
0000000001;00:00:00;0000000004;    7.60; 1.21549e-09
0000000001;00:00:00;0000000004;    7.80; 6.62999e-10
0000000001;00:00:00;0000000004;    8.00; 2.20999e-09
0000000001;00:00:00;0000000004;    8.20; 4.64099e-09
0000000001;00:00:00;0000000004;    8.40; 2.32049e-09
0000000001;00:00:00;0000000004;    8.60; 2.65199e-09
0000000001;00:00:00;0000000004;    8.80; 8.83999e-10
0000000001;00:00:00;0000000004;    9.00; 4.30949e-09
0000000001;00:00:00;0000000004;    9.20; 1.87849e-09
0000000001;00:00:00;0000000004;    9.40;-2.20999e-10
0000000001;00:00:00;0000000004;    9.60; 3.42549e-09
0000000001;00:00:00;0000000004;    9.80; 4.19899e-09
0000000001;00:00:00;0000000004;   10.00; 1.43649e-09
0000000001;00:00:00;0000000004;   10.20; 1.43649e-09
0000000001;00:00:00;0000000004;   10.40; 3.31499e-09
0000000001;00:00:00;0000000004;   10.60; 4.19899e-09
0000000001;00:00:00;0000000004;   10.80;-2.20999e-10
0000000001;00:00:00;0000000004;   11.00; 1.76799e-09
0000000001;00:00:00;0000000004;   11.20; 6.40899e-09
0000000001;00:00:00;0000000004;   11.40;-3.31499e-10
0000000001;00:00:00;0000000004;   11.60; 3.09399e-09
0000000001;00:00:00;0000000004;   11.80; 5.52499e-10
0000000001;00:00:00;0000000004;   12.00; 5.41449e-09
0000000001;00:00:00;0000000004;   12.20; 1.87849e-09
0000000001;00:00:00;0000000004;   12.40; 7.73499e-10
0000000001;00:00:00;0000000004;   12.60;-1.87849e-09
0000000001;00:00:00;0000000004;   12.80; 4.64099e-09
0000000001;00:00:00;0000000004;   13.00;-4.41999e-10
0000000001;00:00:00;0000000004;   13.20; 2.20999e-10
0000000001;00:00:00;0000000004;   13.40; 1.43649e-09
0000000001;00:00:00;0000000004;   13.60; 4.30949e-09
0000000001;00:00:00;0000000004;   13.80; 2.76249e-09
0000000001;00:00:00;0000000004;   14.00;-2.09949e-09
0000000001;00:00:00;0000000004;   14.20; 2.98349e-09
0000000001;00:00:00;0000000004;   14.40; 1.87849e-09
0000000001;00:00:00;0000000004;   14.60;-2.65199e-09
0000000001;00:00:00;0000000004;   14.80; 2.20999e-09
0000000001;00:00:00;0000000004;   15.00; 4.64099e-09
0000000001;00:00:00;0000000004;   15.20; 4.86199e-09
0000000001;00:00:00;0000000004;   15.40;-6.62999e-10
0000000001;00:00:00;0000000004;   15.60; 3.42549e-09
0000000001;00:00:00;0000000004;   15.80; 7.73499e-10
0000000001;00:00:00;0000000004;   16.00; 2.87299e-09
0000000001;00:00:00;0000000004;   16.20;-3.31499e-09
0000000001;00:00:00;0000000004;   16.40; 5.63549e-09
0000000001;00:00:00;0000000004;   16.60; 3.64649e-09
0000000001;00:00:00;0000000004;   16.80;-2.09949e-09
0000000001;00:00:00;0000000004;   17.00; 2.43099e-09
0000000001;00:00:00;0000000004;   17.20; 7.62440e-09
0000000001;00:00:00;0000000004;   17.40; 5.52499e-10
0000000001;00:00:00;0000000004;   17.60; 4.41999e-10
0000000001;00:00:00;0000000004;   17.80; 9.72390e-09
0000000001;00:00:00;0000000004;   18.00; 1.53594e-08
0000000001;00:00:00;0000000004;   18.20; 1.63539e-08
0000000001;00:00:00;0000000004;   18.40;-2.20999e-10
0000000001;00:00:00;0000000004;   18.60; 2.87299e-09
0000000001;00:00:00;0000000004;   18.80; 6.18799e-09
0000000001;00:00:00;0000000004;   19.00; 2.32049e-09
0000000001;00:00:00;0000000004;   19.20; 2.54149e-09
0000000001;00:00:00;0000000004;   19.40; 1.65749e-09
0000000001;00:00:00;0000000004;   19.60; 2.54149e-09
0000000001;00:00:00;0000000004;   19.80; 3.09399e-09
0000000001;00:00:00;0000000004;   20.00; 2.43099e-09
0000000001;00:00:00;0000000004;   20.20; 4.41999e-10
0000000001;00:00:00;0000000004;   20.40; 3.42549e-09
0000000001;00:00:00;0000000004;   20.60; 1.87849e-09
0000000001;00:00:00;0000000004;   20.80; 1.65749e-09
0000000001;00:00:00;0000000004;   21.00; 5.96699e-09
0000000001;00:00:00;0000000004;   21.20; 6.07749e-09
0000000001;00:00:00;0000000004;   21.40;-1.21549e-09
0000000001;00:00:00;0000000004;   21.60; 5.30399e-09
0000000001;00:00:00;0000000004;   21.80; 2.65199e-09
0000000001;00:00:00;0000000004;   22.00;-1.76799e-09
0000000001;00:00:00;0000000004;   22.20; 0.00000e+00
0000000001;00:00:00;0000000004;   22.40; 5.30399e-09
0000000001;00:00:00;0000000004;   22.60; 5.74599e-09
0000000001;00:00:00;0000000004;   22.80;-1.21549e-09
0000000001;00:00:00;0000000004;   23.00; 2.54149e-09
0000000001;00:00:00;0000000004;   23.20; 4.08849e-09
0000000001;00:00:00;0000000004;   23.40; 2.87299e-09
0000000001;00:00:00;0000000004;   23.60; 2.54149e-09
0000000001;00:00:00;0000000004;   23.80;-5.52499e-10
0000000001;00:00:00;0000000004;   24.00; 3.97799e-09
0000000001;00:00:00;0000000004;   24.20; 2.65199e-09
0000000001;00:00:00;0000000004;   24.40;-1.10499e-09
0000000001;00:00:00;0000000004;   24.60; 4.86199e-09
0000000001;00:00:00;0000000004;   24.80; 5.08299e-09
0000000001;00:00:00;0000000004;   25.00; 1.10499e-10
0000000001;00:00:00;0000000004;   25.20;-1.76799e-09
0000000001;00:00:00;0000000004;   25.40; 6.51949e-09
0000000001;00:00:00;0000000004;   25.60; 9.94490e-10
0000000001;00:00:00;0000000004;   25.80;-5.52499e-10
0000000001;00:00:00;0000000004;   26.00; 3.20449e-09
0000000001;00:00:00;0000000004;   26.20; 1.65749e-09
0000000001;00:00:00;0000000004;   26.40; 1.54699e-09
0000000001;00:00:00;0000000004;   26.60;-7.73499e-10
0000000001;00:00:00;0000000004;   26.80; 3.09399e-09
0000000001;00:00:00;0000000004;   27.00; 5.41449e-09
0000000001;00:00:00;0000000004;   27.20; 5.52499e-10
0000000001;00:00:00;0000000004;   27.40; 1.54699e-09
0000000001;00:00:00;0000000004;   27.60; 3.64649e-09
0000000001;00:00:00;0000000004;   27.80; 4.08849e-09
0000000001;00:00:00;0000000004;   28.00; 6.07749e-09
0000000001;00:00:00;0000000004;   28.20; 4.86199e-09
0000000001;00:00:00;0000000004;   28.40; 3.75699e-09
0000000001;00:00:00;0000000004;   28.60; 4.86199e-09
0000000001;00:00:00;0000000004;   28.80; 2.43099e-09
0000000001;00:00:00;0000000004;   29.00; 5.52499e-09
0000000001;00:00:00;0000000004;   29.20; 9.94490e-10
0000000001;00:00:00;0000000004;   29.40; 2.20999e-09
0000000001;00:00:00;0000000004;   29.60; 5.52499e-10
0000000001;00:00:00;0000000004;   29.80;-6.62999e-10
0000000001;00:00:00;0000000004;   30.00; 6.07749e-09
0000000001;00:00:00;0000000004;   30.20; 4.97249e-09
0000000001;00:00:00;0000000004;   30.40; 1.43649e-09
0000000001;00:00:00;0000000004;   30.60;-5.52499e-10
0000000001;00:00:00;0000000004;   30.80; 5.08299e-09
0000000001;00:00:00;0000000004;   31.00; 3.20449e-09
0000000001;00:00:00;0000000004;   31.20; 2.54149e-09
0000000001;00:00:00;0000000004;   31.40;-2.32049e-09
0000000001;00:00:00;0000000004;   31.60; 3.64649e-09
0000000001;00:00:00;0000000004;   31.80; 2.54149e-09
0000000001;00:00:00;0000000004;   32.00; 2.09949e-09
0000000001;00:00:00;0000000004;   32.20; 5.85649e-09
0000000001;00:00:00;0000000004;   32.40; 9.94490e-10
0000000001;00:00:00;0000000004;   32.60; 1.54699e-09
0000000001;00:00:00;0000000004;   32.80; 2.54149e-09
0000000001;00:00:00;0000000004;   33.00; 5.08299e-09
0000000001;00:00:00;0000000004;   33.20; 4.41999e-09
0000000001;00:00:00;0000000004;   33.40; 3.86749e-09
0000000001;00:00:00;0000000004;   33.60; 3.09399e-09
0000000001;00:00:00;0000000004;   33.80; 7.73499e-10
0000000001;00:00:00;0000000004;   34.00; 4.75149e-09
0000000001;00:00:00;0000000004;   34.20; 7.73499e-10
0000000001;00:00:00;0000000004;   34.40; 1.10499e-09
0000000001;00:00:00;0000000004;   34.60; 3.86749e-09
0000000001;00:00:00;0000000004;   34.80; 5.19349e-09
0000000001;00:00:00;0000000004;   35.00; 5.52499e-10
0000000001;00:00:00;0000000004;   35.20; 2.98349e-09
0000000001;00:00:00;0000000004;   35.40; 2.65199e-09
0000000001;00:00:00;0000000004;   35.60; 5.08299e-09
0000000001;00:00:00;0000000004;   35.80;-7.73499e-10
0000000001;00:00:00;0000000004;   36.00; 9.94490e-10
0000000001;00:00:00;0000000004;   36.20; 6.07749e-09
0000000001;00:00:00;0000000004;   36.40; 1.43649e-09
0000000001;00:00:00;0000000004;   36.60; 1.43649e-09
0000000001;00:00:00;0000000004;   36.80; 1.76799e-09
0000000001;00:00:00;0000000004;   37.00; 6.07749e-09
0000000001;00:00:00;0000000004;   37.20; 2.76249e-09
0000000001;00:00:00;0000000004;   37.40;-8.83999e-10
0000000001;00:00:00;0000000004;   37.60; 4.75149e-09
0000000001;00:00:00;0000000004;   37.80; 1.21549e-09
0000000001;00:00:00;0000000004;   38.00; 3.09399e-09
0000000001;00:00:00;0000000004;   38.20; 1.21549e-09
0000000001;00:00:00;0000000004;   38.40; 4.30949e-09
0000000001;00:00:00;0000000004;   38.60; 2.98349e-09
0000000001;00:00:00;0000000004;   38.80; 2.76249e-09
0000000001;00:00:00;0000000004;   39.00; 1.21549e-09
0000000001;00:00:00;0000000004;   39.20; 2.65199e-09
0000000001;00:00:00;0000000004;   39.40; 2.76249e-09
0000000001;00:00:00;0000000004;   39.60; 1.87849e-09
0000000001;00:00:00;0000000004;   39.80; 4.53049e-09
0000000001;00:00:00;0000000004;   40.00; 9.94490e-09
0000000001;00:00:00;0000000004;   40.20; 1.21549e-09
0000000001;00:00:00;0000000004;   40.40; 2.20999e-10
0000000001;00:00:00;0000000004;   40.60; 2.98349e-09
0000000001;00:00:00;0000000004;   40.80; 4.75149e-09
0000000001;00:00:00;0000000004;   41.00; 1.10499e-09
0000000001;00:00:00;0000000004;   41.20;-1.32599e-09
0000000001;00:00:00;0000000004;   41.40; 1.21549e-09
0000000001;00:00:00;0000000004;   41.60; 2.65199e-09
0000000001;00:00:00;0000000004;   41.80; 8.83999e-10
0000000001;00:00:00;0000000004;   42.00;-1.10499e-09
0000000001;00:00:00;0000000004;   42.20; 2.87299e-09
0000000001;00:00:00;0000000004;   42.40; 9.06090e-09
0000000001;00:00:00;0000000004;   42.60; 5.85649e-09
0000000001;00:00:00;0000000004;   42.80; 3.09399e-09
0000000001;00:00:00;0000000004;   43.00; 2.54149e-09
0000000001;00:00:00;0000000004;   43.20; 1.21549e-09
0000000001;00:00:00;0000000004;   43.40; 1.10499e-10
0000000001;00:00:00;0000000004;   43.60;-1.10499e-09
0000000001;00:00:00;0000000004;   43.80; 3.42549e-09
0000000001;00:00:00;0000000004;   44.00; 2.54149e-09
0000000001;00:00:00;0000000004;   44.20; 1.54699e-09
0000000001;00:00:00;0000000004;   44.40;-1.10499e-09
0000000001;00:00:00;0000000004;   44.60; 3.86749e-09
0000000001;00:00:00;0000000004;   44.80; 1.10499e-10
0000000001;00:00:00;0000000004;   45.00;-3.20449e-09
0000000001;00:00:00;0000000004;   45.20;-2.43099e-09
0000000001;00:00:00;0000000004;   45.40; 1.21549e-09
0000000001;00:00:00;0000000004;   45.60; 2.98349e-09
0000000001;00:00:00;0000000004;   45.80;-7.73499e-10
0000000001;00:00:00;0000000004;   46.00; 1.98899e-09
0000000001;00:00:00;0000000004;   46.20; 2.87299e-09
0000000001;00:00:00;0000000004;   46.40; 2.09949e-09
0000000001;00:00:00;0000000004;   46.60; 9.94490e-10
0000000001;00:00:00;0000000004;   46.80; 3.64649e-09
0000000001;00:00:00;0000000004;   47.00; 2.43099e-09
0000000001;00:00:00;0000000004;   47.20;-1.98899e-09
0000000001;00:00:00;0000000004;   47.40;-2.76249e-09
0000000001;00:00:00;0000000004;   47.60; 1.54699e-09
0000000001;00:00:00;0000000004;   47.80; 2.98349e-09
0000000001;00:00:00;0000000004;   48.00; 2.54149e-09
0000000001;00:00:00;0000000004;   48.20;-1.65749e-09
0000000001;00:00:00;0000000004;   48.40; 3.31499e-09
0000000001;00:00:00;0000000004;   48.60; 1.65749e-09
0000000001;00:00:00;0000000004;   48.80;-4.41999e-10
0000000001;00:00:00;0000000004;   49.00; 1.87849e-09
0000000001;00:00:00;0000000004;   49.20; 6.18799e-09
0000000001;00:00:00;0000000004;   49.40;-1.43649e-09
0000000001;00:00:00;0000000004;   49.60;-1.10499e-09
0000000001;00:00:00;0000000004;   49.80; 4.53049e-09
0000000001;00:00:00;0000000004;   50.00; 3.20449e-09
0000000002;00:00:08;0000008071;    1.00; 7.64100e-09
0000000002;00:00:08;0000008071;    1.20; 5.82887e-09
0000000002;00:00:08;0000008071;    1.40; 3.97247e-09
0000000002;00:00:08;0000008071;    1.60; 3.59124e-09
0000000002;00:00:08;0000008071;    1.80; 5.48632e-09
0000000002;00:00:08;0000008071;    2.00; 7.48080e-09
0000000002;00:00:08;0000008071;    2.20; 8.23220e-09
0000000002;00:00:08;0000008071;    2.40; 5.53052e-09
0000000002;00:00:08;0000008071;    2.60; 1.62434e-09
0000000002;00:00:08;0000008071;    2.80; 3.70174e-10
0000000002;00:00:08;0000008071;    3.00; 1.27074e-10
0000000002;00:00:08;0000008071;    3.20; 6.62990e-11
0000000002;00:00:08;0000008071;    3.40;-1.65749e-11
0000000002;00:00:08;0000008071;    3.60; 2.20999e-11
0000000002;00:00:08;0000008071;    3.80; 3.31499e-11
0000000002;00:00:08;0000008071;    4.00; 3.86749e-11
0000000002;00:00:08;0000008071;    4.20; 0.00000e+00
0000000002;00:00:08;0000008071;    4.40;-1.10499e-11
0000000002;00:00:08;0000008071;    4.60; 1.10499e-11
0000000002;00:00:08;0000008071;    4.80; 1.65749e-11
0000000002;00:00:08;0000008071;    5.00; 2.20999e-11
0000000002;00:00:08;0000008071;    5.20; 0.00000e+00
0000000002;00:00:08;0000008071;    5.40; 5.52499e-12
0000000002;00:00:08;0000008071;    5.60;-1.10499e-11
0000000002;00:00:08;0000008071;    5.80;-5.52499e-12
0000000002;00:00:08;0000008071;    6.00;-2.20999e-11
0000000002;00:00:08;0000008071;    6.20; 4.41999e-11
0000000002;00:00:08;0000008071;    6.40; 3.31499e-11
0000000002;00:00:08;0000008071;    6.60; 2.76249e-11
0000000002;00:00:08;0000008071;    6.80;-2.20999e-11
0000000002;00:00:08;0000008071;    7.00; 2.76249e-11
0000000002;00:00:08;0000008071;    7.20;-1.65749e-11
0000000002;00:00:08;0000008071;    7.40;-5.52499e-12
0000000002;00:00:08;0000008071;    7.60;-2.20999e-11
0000000002;00:00:08;0000008071;    7.80; 1.65749e-11
0000000002;00:00:08;0000008071;    8.00; 5.52499e-12
0000000002;00:00:08;0000008071;    8.20; 2.20999e-11
0000000002;00:00:08;0000008071;    8.40; 0.00000e+00
0000000002;00:00:08;0000008071;    8.60;-1.10499e-11
0000000002;00:00:08;0000008071;    8.80; 1.10499e-11
0000000002;00:00:08;0000008071;    9.00; 2.76249e-11
0000000002;00:00:08;0000008071;    9.20; 1.10499e-11
0000000002;00:00:08;0000008071;    9.40; 5.52499e-12
0000000002;00:00:08;0000008071;    9.60; 2.76249e-11
0000000002;00:00:08;0000008071;    9.80;-5.52499e-12
0000000002;00:00:08;0000008071;   10.00; 1.65749e-11
0000000002;00:00:08;0000008071;   10.20; 1.10499e-11
0000000002;00:00:08;0000008071;   10.40; 2.76249e-11
0000000002;00:00:08;0000008071;   10.60; 5.52499e-11
0000000002;00:00:08;0000008071;   10.80; 5.52499e-12
0000000002;00:00:08;0000008071;   11.00; 3.86749e-11
0000000002;00:00:08;0000008071;   11.20; 2.76249e-11
0000000002;00:00:08;0000008071;   11.40; 6.07740e-11
0000000002;00:00:08;0000008071;   11.60; 3.86749e-11
0000000002;00:00:08;0000008071;   11.80; 4.41999e-11
0000000002;00:00:08;0000008071;   12.00; 6.07740e-11
0000000002;00:00:08;0000008071;   12.20; 7.18240e-11
0000000002;00:00:08;0000008071;   12.40; 3.86749e-11
0000000002;00:00:08;0000008071;   12.60; 0.00000e+00
0000000002;00:00:08;0000008071;   12.80; 3.31499e-11
0000000002;00:00:08;0000008071;   13.00; 1.10499e-11
0000000002;00:00:08;0000008071;   13.20; 2.76249e-11
0000000002;00:00:08;0000008071;   13.40; 4.41999e-11
0000000002;00:00:08;0000008071;   13.60; 4.97249e-11
0000000002;00:00:08;0000008071;   13.80; 2.20999e-11
0000000002;00:00:08;0000008071;   14.00; 3.31499e-11
0000000002;00:00:08;0000008071;   14.20; 4.41999e-11
0000000002;00:00:08;0000008071;   14.40; 1.65749e-11
0000000002;00:00:08;0000008071;   14.60;-2.20999e-11
0000000002;00:00:08;0000008071;   14.80; 1.65749e-11
0000000002;00:00:08;0000008071;   15.00; 4.41999e-11
0000000002;00:00:08;0000008071;   15.20; 4.41999e-11
0000000002;00:00:08;0000008071;   15.40; 6.62990e-11
0000000002;00:00:08;0000008071;   15.60; 4.97249e-11
0000000002;00:00:08;0000008071;   15.80; 1.76799e-10
0000000002;00:00:08;0000008071;   16.00; 2.54149e-10
0000000002;00:00:08;0000008071;   16.20; 2.70724e-10
0000000002;00:00:08;0000008071;   16.40; 1.76799e-10
0000000002;00:00:08;0000008071;   16.60; 2.48624e-10
0000000002;00:00:08;0000008071;   16.80; 1.08842e-09
0000000002;00:00:08;0000008071;   17.00; 1.93374e-09
0000000002;00:00:08;0000008071;   17.20; 2.26524e-09
0000000002;00:00:08;0000008071;   17.40; 1.23759e-09
0000000002;00:00:08;0000008071;   17.60; 8.45324e-10
0000000002;00:00:08;0000008071;   17.80; 4.02219e-09
0000000002;00:00:08;0000008071;   18.00; 7.82330e-09
0000000002;00:00:08;0000008071;   18.20; 9.50850e-09
0000000002;00:00:08;0000008071;   18.40; 5.12719e-09
0000000002;00:00:08;0000008071;   18.60; 1.53594e-09
0000000002;00:00:08;0000008071;   18.80; 1.46964e-09
0000000002;00:00:08;0000008071;   19.00; 1.90612e-09
0000000002;00:00:08;0000008071;   19.20; 1.98347e-09
0000000002;00:00:08;0000008071;   19.40; 1.01659e-09
0000000002;00:00:08;0000008071;   19.60; 1.98899e-10
0000000002;00:00:08;0000008071;   19.80; 7.18240e-11
0000000002;00:00:08;0000008071;   20.00; 7.18240e-11
0000000002;00:00:08;0000008071;   20.20; 4.41999e-11
0000000002;00:00:08;0000008071;   20.40; 2.20999e-11
0000000002;00:00:08;0000008071;   20.60; 2.20999e-11
0000000002;00:00:08;0000008071;   20.80;-5.52499e-12
0000000002;00:00:08;0000008071;   21.00; 0.00000e+00
0000000002;00:00:08;0000008071;   21.20; 1.65749e-11
0000000002;00:00:08;0000008071;   21.40;-1.65749e-11
0000000002;00:00:08;0000008071;   21.60; 1.65749e-11
0000000002;00:00:08;0000008071;   21.80; 5.52499e-12
0000000002;00:00:08;0000008071;   22.00; 0.00000e+00
0000000002;00:00:08;0000008071;   22.20; 0.00000e+00
0000000002;00:00:08;0000008071;   22.40; 3.31499e-11
0000000002;00:00:08;0000008071;   22.60; 5.52499e-12
0000000002;00:00:08;0000008071;   22.80; 1.65749e-11
0000000002;00:00:08;0000008071;   23.00; 5.52499e-12
0000000002;00:00:08;0000008071;   23.20; 5.52499e-12
0000000002;00:00:08;0000008071;   23.40; 2.76249e-11
0000000002;00:00:08;0000008071;   23.60; 5.52499e-11
0000000002;00:00:08;0000008071;   23.80; 4.97249e-11
0000000002;00:00:08;0000008071;   24.00; 3.31499e-11
0000000002;00:00:08;0000008071;   24.20; 5.52499e-12
0000000002;00:00:08;0000008071;   24.40; 1.65749e-11
0000000002;00:00:08;0000008071;   24.60; 5.52499e-11
0000000002;00:00:08;0000008071;   24.80; 1.10499e-11
0000000002;00:00:08;0000008071;   25.00;-5.52499e-12
0000000002;00:00:08;0000008071;   25.20;-3.31499e-11
0000000002;00:00:08;0000008071;   25.40;-5.52499e-12
0000000002;00:00:08;0000008071;   25.60;-5.52499e-12
0000000002;00:00:08;0000008071;   25.80;-2.76249e-11
0000000002;00:00:08;0000008071;   26.00; 0.00000e+00
0000000002;00:00:08;0000008071;   26.20; 4.41999e-11
0000000002;00:00:08;0000008071;   26.40; 1.65749e-11
0000000002;00:00:08;0000008071;   26.60;-3.31499e-11
0000000002;00:00:08;0000008071;   26.80; 5.52499e-12
0000000002;00:00:08;0000008071;   27.00; 2.76249e-11
0000000002;00:00:08;0000008071;   27.20; 4.97249e-11
0000000002;00:00:08;0000008071;   27.40; 6.07740e-11
0000000002;00:00:08;0000008071;   27.60; 1.38124e-10
0000000002;00:00:08;0000008071;   27.80; 7.18249e-10
0000000002;00:00:08;0000008071;   28.00; 1.42544e-09
0000000002;00:00:08;0000008071;   28.20; 1.70722e-09
0000000002;00:00:08;0000008071;   28.40; 8.56374e-10
0000000002;00:00:08;0000008071;   28.60; 2.26524e-10
0000000002;00:00:08;0000008071;   28.80; 9.94490e-11
0000000002;00:00:08;0000008071;   29.00; 1.27074e-10
0000000002;00:00:08;0000008071;   29.20; 1.16024e-10
0000000002;00:00:08;0000008071;   29.40; 5.52499e-11
0000000002;00:00:08;0000008071;   29.60; 2.76249e-11
0000000002;00:00:08;0000008071;   29.80; 5.52499e-11
0000000002;00:00:08;0000008071;   30.00; 4.41999e-11
0000000002;00:00:08;0000008071;   30.20;-2.20999e-11
0000000002;00:00:08;0000008071;   30.40; 3.86749e-11
0000000002;00:00:08;0000008071;   30.60; 5.52499e-12
0000000002;00:00:08;0000008071;   30.80; 4.41999e-11
0000000002;00:00:08;0000008071;   31.00; 0.00000e+00
0000000002;00:00:08;0000008071;   31.20; 5.52499e-12
0000000002;00:00:08;0000008071;   31.40; 2.76249e-11
0000000002;00:00:08;0000008071;   31.60; 2.20999e-11
0000000002;00:00:08;0000008071;   31.80; 1.71274e-10
0000000002;00:00:08;0000008071;   32.00; 3.75699e-10
0000000002;00:00:08;0000008071;   32.20; 4.25424e-10
0000000002;00:00:08;0000008071;   32.40; 2.15474e-10
0000000002;00:00:08;0000008071;   32.60; 1.04974e-10
0000000002;00:00:08;0000008071;   32.80; 5.52499e-12
0000000002;00:00:08;0000008071;   33.00; 2.20999e-11
0000000002;00:00:08;0000008071;   33.20; 3.86749e-11
0000000002;00:00:08;0000008071;   33.40;-5.52499e-12
0000000002;00:00:08;0000008071;   33.60; 0.00000e+00
0000000002;00:00:08;0000008071;   33.80; 6.62990e-11
0000000002;00:00:08;0000008071;   34.00; 0.00000e+00
0000000002;00:00:08;0000008071;   34.20; 5.52499e-12
0000000002;00:00:08;0000008071;   34.40; 4.97249e-11
0000000002;00:00:08;0000008071;   34.60; 8.83990e-11
0000000002;00:00:08;0000008071;   34.80; 9.94490e-11
0000000002;00:00:08;0000008071;   35.00; 7.18240e-11
0000000002;00:00:08;0000008071;   35.20; 8.83990e-11
0000000002;00:00:08;0000008071;   35.40; 1.10499e-11
0000000002;00:00:08;0000008071;   35.60; 4.41999e-11
0000000002;00:00:08;0000008071;   35.80; 2.76249e-11
0000000002;00:00:08;0000008071;   36.00; 5.52499e-11
0000000002;00:00:08;0000008071;   36.20; 3.31499e-11
0000000002;00:00:08;0000008071;   36.40;-1.65749e-11
0000000002;00:00:08;0000008071;   36.60;-5.52499e-12
0000000002;00:00:08;0000008071;   36.80; 3.86749e-11
0000000002;00:00:08;0000008071;   37.00; 2.20999e-11
0000000002;00:00:08;0000008071;   37.20; 2.20999e-11
0000000002;00:00:08;0000008071;   37.40;-1.65749e-11
0000000002;00:00:08;0000008071;   37.60; 5.52499e-11
0000000002;00:00:08;0000008071;   37.80;-5.52499e-12
0000000002;00:00:08;0000008071;   38.00; 1.65749e-11
0000000002;00:00:08;0000008071;   38.20; 3.86749e-11
0000000002;00:00:08;0000008071;   38.40; 6.07740e-11
0000000002;00:00:08;0000008071;   38.60;-3.31499e-11
0000000002;00:00:08;0000008071;   38.80; 3.31499e-11
0000000002;00:00:08;0000008071;   39.00; 3.86749e-11
0000000002;00:00:08;0000008071;   39.20; 5.52499e-12
0000000002;00:00:08;0000008071;   39.40; 1.10499e-11
0000000002;00:00:08;0000008071;   39.60; 4.41999e-11
0000000002;00:00:08;0000008071;   39.80; 3.86749e-11
0000000002;00:00:08;0000008071;   40.00; 3.86749e-11
0000000002;00:00:08;0000008071;   40.20; 2.20999e-11
0000000002;00:00:08;0000008071;   40.40; 2.76249e-11
0000000002;00:00:08;0000008071;   40.60; 2.20999e-11
0000000002;00:00:08;0000008071;   40.80; 0.00000e+00
0000000002;00:00:08;0000008071;   41.00; 3.86749e-11
0000000002;00:00:08;0000008071;   41.20;-1.10499e-11
0000000002;00:00:08;0000008071;   41.40; 1.10499e-11
0000000002;00:00:08;0000008071;   41.60; 3.86749e-11
0000000002;00:00:08;0000008071;   41.80; 3.86749e-11
0000000002;00:00:08;0000008071;   42.00;-5.52499e-12
0000000002;00:00:08;0000008071;   42.20; 1.10499e-11
0000000002;00:00:08;0000008071;   42.40; 1.65749e-11
0000000002;00:00:08;0000008071;   42.60;-2.76249e-11
0000000002;00:00:08;0000008071;   42.80;-1.10499e-11
0000000002;00:00:08;0000008071;   43.00;-5.52499e-11
0000000002;00:00:08;0000008071;   43.20; 4.97249e-11
0000000002;00:00:08;0000008071;   43.40; 4.41999e-11
0000000002;00:00:08;0000008071;   43.60; 1.27074e-10
0000000002;00:00:08;0000008071;   43.80; 5.08299e-10
0000000002;00:00:08;0000008071;   44.00; 1.18787e-09
0000000002;00:00:08;0000008071;   44.20; 1.51937e-09
0000000002;00:00:08;0000008071;   44.40; 8.01124e-10
0000000002;00:00:08;0000008071;   44.60; 1.98899e-10
0000000002;00:00:08;0000008071;   44.80; 7.73490e-11
0000000002;00:00:08;0000008071;   45.00; 8.28740e-11
0000000002;00:00:08;0000008071;   45.20; 6.07740e-11
0000000002;00:00:08;0000008071;   45.40; 3.86749e-11
0000000002;00:00:08;0000008071;   45.60;-2.20999e-11
0000000002;00:00:08;0000008071;   45.80;-2.76249e-11
0000000002;00:00:08;0000008071;   46.00; 2.76249e-11
0000000002;00:00:08;0000008071;   46.20; 2.76249e-11
0000000002;00:00:08;0000008071;   46.40; 1.10499e-11
0000000002;00:00:08;0000008071;   46.60; 0.00000e+00
0000000002;00:00:08;0000008071;   46.80;-3.31499e-11
0000000002;00:00:08;0000008071;   47.00;-1.65749e-11
0000000002;00:00:08;0000008071;   47.20;-1.10499e-11
0000000002;00:00:08;0000008071;   47.40;-3.31499e-11
0000000002;00:00:08;0000008071;   47.60; 1.65749e-11
0000000002;00:00:08;0000008071;   47.80; 1.65749e-11
0000000002;00:00:08;0000008071;   48.00; 3.86749e-11
0000000002;00:00:08;0000008071;   48.20; 1.10499e-11
0000000002;00:00:08;0000008071;   48.40; 5.52499e-12
0000000002;00:00:08;0000008071;   48.60;-5.52499e-12
0000000002;00:00:08;0000008071;   48.80;-1.65749e-11
0000000002;00:00:08;0000008071;   49.00; 3.31499e-11
0000000002;00:00:08;0000008071;   49.20;-5.52499e-12
0000000002;00:00:08;0000008071;   49.40;-1.10499e-11
0000000002;00:00:08;0000008071;   49.60; 2.20999e-11
0000000002;00:00:08;0000008071;   49.80; 5.52499e-11
0000000002;00:00:08;0000008071;   50.00; 5.52499e-12
0000000003;00:00:24;0000024036;    1.00; 7.53050e-09
0000000003;00:00:24;0000024036;    1.20; 5.71284e-09
0000000003;00:00:24;0000024036;    1.40; 3.92274e-09
0000000003;00:00:24;0000024036;    1.60; 3.53599e-09
0000000003;00:00:24;0000024036;    1.80; 5.49184e-09
0000000003;00:00:24;0000024036;    2.00; 7.40349e-09
0000000003;00:00:24;0000024036;    2.20; 8.14380e-09
0000000003;00:00:24;0000024036;    2.40; 5.53604e-09
0000000003;00:00:24;0000024036;    2.60; 1.37019e-09
0000000003;00:00:24;0000024036;    2.80; 2.98349e-10
0000000003;00:00:24;0000024036;    3.00; 5.52499e-12
0000000003;00:00:24;0000024036;    3.20; 2.20999e-11
0000000003;00:00:24;0000024036;    3.40;-5.52499e-12
0000000003;00:00:24;0000024036;    3.60;-3.86749e-11
0000000003;00:00:24;0000024036;    3.80;-6.07740e-11
0000000003;00:00:24;0000024036;    4.00; 2.20999e-11
0000000003;00:00:24;0000024036;    4.20; 2.20999e-11
0000000003;00:00:24;0000024036;    4.40;-1.65749e-11
0000000003;00:00:24;0000024036;    4.60; 0.00000e+00
0000000003;00:00:24;0000024036;    4.80;-4.97249e-11
0000000003;00:00:24;0000024036;    5.00;-4.41999e-11
0000000003;00:00:24;0000024036;    5.20;-4.41999e-11
0000000003;00:00:24;0000024036;    5.40;-6.07740e-11
0000000003;00:00:24;0000024036;    5.60;-6.07740e-11
0000000003;00:00:24;0000024036;    5.80;-2.76249e-11
0000000003;00:00:24;0000024036;    6.00;-2.76249e-11
0000000003;00:00:24;0000024036;    6.20;-5.52499e-12
0000000003;00:00:24;0000024036;    6.40;-3.86749e-11
0000000003;00:00:24;0000024036;    6.60; 0.00000e+00
0000000003;00:00:24;0000024036;    6.80;-5.52499e-11
0000000003;00:00:24;0000024036;    7.00;-4.41999e-11
0000000003;00:00:24;0000024036;    7.20;-2.76249e-11
0000000003;00:00:24;0000024036;    7.40;-4.41999e-11
0000000003;00:00:24;0000024036;    7.60;-3.31499e-11
0000000003;00:00:24;0000024036;    7.80;-3.86749e-11
0000000003;00:00:24;0000024036;    8.00; 0.00000e+00
0000000003;00:00:24;0000024036;    8.20;-2.20999e-11
0000000003;00:00:24;0000024036;    8.40;-1.10499e-11
0000000003;00:00:24;0000024036;    8.60;-3.86749e-11
0000000003;00:00:24;0000024036;    8.80; 5.52499e-12
0000000003;00:00:24;0000024036;    9.00; 1.10499e-11
0000000003;00:00:24;0000024036;    9.20;-4.41999e-11
0000000003;00:00:24;0000024036;    9.40;-2.20999e-11
0000000003;00:00:24;0000024036;    9.60;-6.62990e-11
0000000003;00:00:24;0000024036;    9.80;-7.18240e-11
0000000003;00:00:24;0000024036;   10.00;-1.10499e-11
0000000003;00:00:24;0000024036;   10.20;-2.76249e-11
0000000003;00:00:24;0000024036;   10.40;-2.76249e-11
0000000003;00:00:24;0000024036;   10.60;-3.31499e-11
0000000003;00:00:24;0000024036;   10.80; 5.52499e-12
0000000003;00:00:24;0000024036;   11.00;-1.65749e-11
0000000003;00:00:24;0000024036;   11.20;-3.86749e-11
0000000003;00:00:24;0000024036;   11.40;-3.86749e-11
0000000003;00:00:24;0000024036;   11.60;-3.31499e-11
0000000003;00:00:24;0000024036;   11.80;-3.31499e-11
0000000003;00:00:24;0000024036;   12.00;-1.10499e-11
0000000003;00:00:24;0000024036;   12.20; 1.65749e-11
0000000003;00:00:24;0000024036;   12.40;-4.41999e-11
0000000003;00:00:24;0000024036;   12.60;-8.83990e-11
0000000003;00:00:24;0000024036;   12.80; 1.10499e-11
0000000003;00:00:24;0000024036;   13.00;-2.76249e-11
0000000003;00:00:24;0000024036;   13.20; 0.00000e+00
0000000003;00:00:24;0000024036;   13.40;-1.65749e-11
0000000003;00:00:24;0000024036;   13.60; 1.65749e-11
0000000003;00:00:24;0000024036;   13.80;-1.65749e-11
0000000003;00:00:24;0000024036;   14.00; 1.65749e-11
0000000003;00:00:24;0000024036;   14.20; 1.10499e-11
0000000003;00:00:24;0000024036;   14.40;-3.31499e-11
0000000003;00:00:24;0000024036;   14.60;-4.97249e-11
0000000003;00:00:24;0000024036;   14.80;-4.41999e-11
0000000003;00:00:24;0000024036;   15.00;-2.20999e-11
0000000003;00:00:24;0000024036;   15.20;-2.20999e-11
0000000003;00:00:24;0000024036;   15.40; 1.65749e-11
0000000003;00:00:24;0000024036;   15.60; 0.00000e+00
0000000003;00:00:24;0000024036;   15.80; 1.27074e-10
0000000003;00:00:24;0000024036;   16.00; 2.04424e-10
0000000003;00:00:24;0000024036;   16.20; 2.43099e-10
0000000003;00:00:24;0000024036;   16.40; 1.04974e-10
0000000003;00:00:24;0000024036;   16.60; 1.82324e-10
0000000003;00:00:24;0000024036;   16.80; 1.00002e-09
0000000003;00:00:24;0000024036;   17.00; 1.89507e-09
0000000003;00:00:24;0000024036;   17.20; 2.25419e-09
0000000003;00:00:24;0000024036;   17.40; 1.19892e-09
0000000003;00:00:24;0000024036;   17.60; 7.90074e-10
0000000003;00:00:24;0000024036;   17.80; 3.93932e-09
0000000003;00:00:24;0000024036;   18.00; 7.74600e-09
0000000003;00:00:24;0000024036;   18.20; 9.30960e-09
0000000003;00:00:24;0000024036;   18.40; 5.04432e-09
0000000003;00:00:24;0000024036;   18.60; 1.48069e-09
0000000003;00:00:24;0000024036;   18.80; 1.35914e-09
0000000003;00:00:24;0000024036;   19.00; 1.79562e-09
0000000003;00:00:24;0000024036;   19.20; 1.89507e-09
0000000003;00:00:24;0000024036;   19.40; 9.72390e-10
0000000003;00:00:24;0000024036;   19.60; 1.87849e-10
0000000003;00:00:24;0000024036;   19.80;-3.31499e-11
0000000003;00:00:24;0000024036;   20.00;-6.62990e-11
0000000003;00:00:24;0000024036;   20.20;-3.31499e-11
0000000003;00:00:24;0000024036;   20.40;-6.62990e-11
0000000003;00:00:24;0000024036;   20.60;-1.10499e-10
0000000003;00:00:24;0000024036;   20.80;-6.07740e-11
0000000003;00:00:24;0000024036;   21.00;-7.18240e-11
0000000003;00:00:24;0000024036;   21.20;-3.86749e-11
0000000003;00:00:24;0000024036;   21.40;-9.39240e-11
0000000003;00:00:24;0000024036;   21.60;-6.07740e-11
0000000003;00:00:24;0000024036;   21.80;-7.18240e-11
0000000003;00:00:24;0000024036;   22.00;-3.86749e-11
0000000003;00:00:24;0000024036;   22.20;-2.76249e-11
0000000003;00:00:24;0000024036;   22.40;-1.10499e-11
0000000003;00:00:24;0000024036;   22.60;-2.20999e-11
0000000003;00:00:24;0000024036;   22.80;-2.76249e-11
0000000003;00:00:24;0000024036;   23.00;-4.41999e-11
0000000003;00:00:24;0000024036;   23.20; 0.00000e+00
0000000003;00:00:24;0000024036;   23.40;-1.65749e-11
0000000003;00:00:24;0000024036;   23.60;-1.10499e-11
0000000003;00:00:24;0000024036;   23.80;-1.65749e-11
0000000003;00:00:24;0000024036;   24.00;-4.97249e-11
0000000003;00:00:24;0000024036;   24.20;-6.07740e-11
0000000003;00:00:24;0000024036;   24.40;-4.97249e-11
0000000003;00:00:24;0000024036;   24.60; 0.00000e+00
0000000003;00:00:24;0000024036;   24.80;-3.86749e-11
0000000003;00:00:24;0000024036;   25.00;-3.31499e-11
0000000003;00:00:24;0000024036;   25.20;-7.18240e-11
0000000003;00:00:24;0000024036;   25.40;-6.07740e-11
0000000003;00:00:24;0000024036;   25.60; 0.00000e+00
0000000003;00:00:24;0000024036;   25.80;-7.18240e-11
0000000003;00:00:24;0000024036;   26.00;-6.62990e-11
0000000003;00:00:24;0000024036;   26.20;-5.52499e-12
0000000003;00:00:24;0000024036;   26.40;-2.20999e-11
0000000003;00:00:24;0000024036;   26.60; 1.65749e-11
0000000003;00:00:24;0000024036;   26.80;-1.65749e-11
0000000003;00:00:24;0000024036;   27.00;-4.41999e-11
0000000003;00:00:24;0000024036;   27.20;-4.41999e-11
0000000003;00:00:24;0000024036;   27.40;-3.31499e-11
0000000003;00:00:24;0000024036;   27.60; 8.28740e-11
0000000003;00:00:24;0000024036;   27.80; 6.85099e-10
0000000003;00:00:24;0000024036;   28.00; 1.32047e-09
0000000003;00:00:24;0000024036;   28.20; 1.56357e-09
0000000003;00:00:24;0000024036;   28.40; 8.06649e-10
0000000003;00:00:24;0000024036;   28.60; 1.87849e-10
0000000003;00:00:24;0000024036;   28.80; 5.52499e-11
0000000003;00:00:24;0000024036;   29.00; 4.41999e-11
0000000003;00:00:24;0000024036;   29.20; 4.97249e-11
0000000003;00:00:24;0000024036;   29.40;-5.52499e-12
0000000003;00:00:24;0000024036;   29.60;-2.20999e-11
0000000003;00:00:24;0000024036;   29.80;-1.65749e-11
0000000003;00:00:24;0000024036;   30.00; 5.52499e-12
0000000003;00:00:24;0000024036;   30.20; 5.52499e-12
0000000003;00:00:24;0000024036;   30.40;-1.65749e-11
0000000003;00:00:24;0000024036;   30.60; 1.10499e-11
0000000003;00:00:24;0000024036;   30.80; 5.52499e-12
0000000003;00:00:24;0000024036;   31.00;-2.20999e-11
0000000003;00:00:24;0000024036;   31.20;-3.86749e-11
0000000003;00:00:24;0000024036;   31.40;-6.62990e-11
0000000003;00:00:24;0000024036;   31.60;-1.65749e-11
0000000003;00:00:24;0000024036;   31.80; 1.32599e-10
0000000003;00:00:24;0000024036;   32.00; 3.09399e-10
0000000003;00:00:24;0000024036;   32.20; 3.86749e-10
0000000003;00:00:24;0000024036;   32.40; 1.60224e-10
0000000003;00:00:24;0000024036;   32.60; 4.97249e-11
0000000003;00:00:24;0000024036;   32.80;-4.41999e-11
0000000003;00:00:24;0000024036;   33.00;-3.86749e-11
0000000003;00:00:24;0000024036;   33.20;-1.10499e-11
0000000003;00:00:24;0000024036;   33.40;-2.76249e-11
0000000003;00:00:24;0000024036;   33.60;-2.76249e-11
0000000003;00:00:24;0000024036;   33.80;-3.31499e-11
0000000003;00:00:24;0000024036;   34.00;-6.62990e-11
0000000003;00:00:24;0000024036;   34.20;-1.10499e-11
0000000003;00:00:24;0000024036;   34.40;-1.10499e-11
0000000003;00:00:24;0000024036;   34.60;-3.31499e-11
0000000003;00:00:24;0000024036;   34.80; 2.76249e-11
0000000003;00:00:24;0000024036;   35.00; 8.83990e-11
0000000003;00:00:24;0000024036;   35.20; 8.28740e-11
0000000003;00:00:24;0000024036;   35.40;-5.52499e-12
0000000003;00:00:24;0000024036;   35.60;-3.31499e-11
0000000003;00:00:24;0000024036;   35.80;-1.65749e-11
0000000003;00:00:24;0000024036;   36.00;-1.65749e-11
0000000003;00:00:24;0000024036;   36.20;-3.86749e-11
0000000003;00:00:24;0000024036;   36.40;-1.65749e-11
0000000003;00:00:24;0000024036;   36.60;-1.10499e-11
0000000003;00:00:24;0000024036;   36.80;-2.20999e-11
0000000003;00:00:24;0000024036;   37.00;-2.20999e-11
0000000003;00:00:24;0000024036;   37.20;-1.10499e-11
0000000003;00:00:24;0000024036;   37.40;-2.20999e-11
0000000003;00:00:24;0000024036;   37.60;-3.31499e-11
0000000003;00:00:24;0000024036;   37.80;-3.86749e-11
0000000003;00:00:24;0000024036;   38.00;-6.62990e-11
0000000003;00:00:24;0000024036;   38.20;-3.31499e-11
0000000003;00:00:24;0000024036;   38.40;-3.31499e-11
0000000003;00:00:24;0000024036;   38.60;-1.10499e-11
0000000003;00:00:24;0000024036;   38.80;-2.76249e-11
0000000003;00:00:24;0000024036;   39.00;-4.97249e-11
0000000003;00:00:24;0000024036;   39.20; 5.52499e-12
0000000003;00:00:24;0000024036;   39.40; 0.00000e+00
0000000003;00:00:24;0000024036;   39.60;-5.52499e-11
0000000003;00:00:24;0000024036;   39.80; 0.00000e+00
0000000003;00:00:24;0000024036;   40.00;-2.76249e-11
0000000003;00:00:24;0000024036;   40.20; 1.10499e-11
0000000003;00:00:24;0000024036;   40.40;-3.31499e-11
0000000003;00:00:24;0000024036;   40.60;-1.65749e-11
0000000003;00:00:24;0000024036;   40.80;-2.76249e-11
0000000003;00:00:24;0000024036;   41.00; 5.52499e-12
0000000003;00:00:24;0000024036;   41.20;-4.97249e-11
0000000003;00:00:24;0000024036;   41.40;-6.07740e-11
0000000003;00:00:24;0000024036;   41.60;-3.86749e-11
0000000003;00:00:24;0000024036;   41.80;-2.76249e-11
0000000003;00:00:24;0000024036;   42.00; 0.00000e+00
0000000003;00:00:24;0000024036;   42.20;-3.31499e-11
0000000003;00:00:24;0000024036;   42.40;-2.76249e-11
0000000003;00:00:24;0000024036;   42.60;-5.52499e-12
0000000003;00:00:24;0000024036;   42.80; 1.65749e-11
0000000003;00:00:24;0000024036;   43.00;-3.86749e-11
0000000003;00:00:24;0000024036;   43.20;-1.10499e-11
0000000003;00:00:24;0000024036;   43.40;-2.20999e-11
0000000003;00:00:24;0000024036;   43.60; 8.28740e-11
0000000003;00:00:24;0000024036;   43.80; 4.86199e-10
0000000003;00:00:24;0000024036;   44.00; 1.15472e-09
0000000003;00:00:24;0000024036;   44.20; 1.39229e-09
0000000003;00:00:24;0000024036;   44.40; 7.07199e-10
0000000003;00:00:24;0000024036;   44.60; 1.87849e-10
0000000003;00:00:24;0000024036;   44.80; 3.31499e-11
0000000003;00:00:24;0000024036;   45.00; 2.76249e-11
0000000003;00:00:24;0000024036;   45.20; 0.00000e+00
0000000003;00:00:24;0000024036;   45.40; 1.65749e-11
0000000003;00:00:24;0000024036;   45.60;-5.52499e-11
0000000003;00:00:24;0000024036;   45.80;-1.65749e-11
0000000003;00:00:24;0000024036;   46.00;-5.52499e-11
0000000003;00:00:24;0000024036;   46.20; 5.52499e-12
0000000003;00:00:24;0000024036;   46.40;-6.62990e-11
0000000003;00:00:24;0000024036;   46.60;-2.20999e-11
0000000003;00:00:24;0000024036;   46.80;-2.20999e-11
0000000003;00:00:24;0000024036;   47.00;-1.10499e-11
0000000003;00:00:24;0000024036;   47.20;-3.86749e-11
0000000003;00:00:24;0000024036;   47.40;-4.97249e-11
0000000003;00:00:24;0000024036;   47.60;-5.52499e-11
0000000003;00:00:24;0000024036;   47.80;-2.20999e-11
0000000003;00:00:24;0000024036;   48.00;-2.20999e-11
0000000003;00:00:24;0000024036;   48.20;-2.76249e-11
0000000003;00:00:24;0000024036;   48.40;-4.41999e-11
0000000003;00:00:24;0000024036;   48.60;-7.18240e-11
0000000003;00:00:24;0000024036;   48.80;-4.97249e-11
0000000003;00:00:24;0000024036;   49.00;-6.07740e-11
0000000003;00:00:24;0000024036;   49.20;-7.18240e-11
0000000003;00:00:24;0000024036;   49.40;-6.07740e-11
0000000003;00:00:24;0000024036;   49.60;-3.86749e-11
0000000003;00:00:24;0000024036;   49.80; 2.20999e-11
0000000003;00:00:24;0000024036;   50.00; 0.00000e+00
0000000004;00:00:37;0000037045;    1.00; 7.45870e-09
0000000004;00:00:37;0000037045;    1.20; 5.67969e-09
0000000004;00:00:37;0000037045;    1.40; 3.92827e-09
0000000004;00:00:37;0000037045;    1.60; 3.50284e-09
0000000004;00:00:37;0000037045;    1.80; 5.33714e-09
0000000004;00:00:37;0000037045;    2.00; 7.32062e-09
0000000004;00:00:37;0000037045;    2.20; 8.17690e-09
0000000004;00:00:37;0000037045;    2.40; 5.49184e-09
0000000004;00:00:37;0000037045;    2.60; 1.38124e-09
0000000004;00:00:37;0000037045;    2.80; 3.53599e-10
0000000004;00:00:37;0000037045;    3.00; 8.83990e-11
0000000004;00:00:37;0000037045;    3.20; 1.65749e-11
0000000004;00:00:37;0000037045;    3.40; 4.97249e-11
0000000004;00:00:37;0000037045;    3.60; 1.10499e-11
0000000004;00:00:37;0000037045;    3.80;-2.20999e-11
0000000004;00:00:37;0000037045;    4.00;-2.20999e-11
0000000004;00:00:37;0000037045;    4.20; 3.86749e-11
0000000004;00:00:37;0000037045;    4.40;-5.52499e-12
0000000004;00:00:37;0000037045;    4.60;-2.76249e-11
0000000004;00:00:37;0000037045;    4.80;-4.41999e-11
0000000004;00:00:37;0000037045;    5.00;-1.10499e-11
0000000004;00:00:37;0000037045;    5.20; 1.65749e-11
0000000004;00:00:37;0000037045;    5.40;-2.20999e-11
0000000004;00:00:37;0000037045;    5.60;-2.20999e-11
0000000004;00:00:37;0000037045;    5.80;-3.31499e-11
0000000004;00:00:37;0000037045;    6.00;-5.52499e-12
0000000004;00:00:37;0000037045;    6.20;-2.20999e-11
0000000004;00:00:37;0000037045;    6.40;-6.62990e-11
0000000004;00:00:37;0000037045;    6.60;-2.76249e-11
0000000004;00:00:37;0000037045;    6.80;-5.52499e-11
0000000004;00:00:37;0000037045;    7.00;-1.65749e-11
0000000004;00:00:37;0000037045;    7.20; 0.00000e+00
0000000004;00:00:37;0000037045;    7.40;-2.20999e-11
0000000004;00:00:37;0000037045;    7.60;-1.10499e-11
0000000004;00:00:37;0000037045;    7.80;-4.41999e-11
0000000004;00:00:37;0000037045;    8.00; 0.00000e+00
0000000004;00:00:37;0000037045;    8.20;-3.31499e-11
0000000004;00:00:37;0000037045;    8.40;-7.73490e-11
0000000004;00:00:37;0000037045;    8.60;-1.10499e-11
0000000004;00:00:37;0000037045;    8.80; 3.31499e-11
0000000004;00:00:37;0000037045;    9.00; 5.52499e-11
0000000004;00:00:37;0000037045;    9.20;-5.52499e-12
0000000004;00:00:37;0000037045;    9.40;-5.52499e-12
0000000004;00:00:37;0000037045;    9.60;-1.65749e-11
0000000004;00:00:37;0000037045;    9.80;-5.52499e-12
0000000004;00:00:37;0000037045;   10.00;-1.10499e-11
0000000004;00:00:37;0000037045;   10.20;-5.52499e-11
0000000004;00:00:37;0000037045;   10.40;-4.41999e-11
0000000004;00:00:37;0000037045;   10.60;-2.20999e-11
0000000004;00:00:37;0000037045;   10.80;-2.20999e-11
0000000004;00:00:37;0000037045;   11.00;-1.65749e-11
0000000004;00:00:37;0000037045;   11.20; 5.52499e-12
0000000004;00:00:37;0000037045;   11.40;-1.10499e-11
0000000004;00:00:37;0000037045;   11.60; 0.00000e+00
0000000004;00:00:37;0000037045;   11.80; 3.86749e-11
0000000004;00:00:37;0000037045;   12.00; 3.31499e-11
0000000004;00:00:37;0000037045;   12.20; 2.76249e-11
0000000004;00:00:37;0000037045;   12.40; 2.76249e-11
0000000004;00:00:37;0000037045;   12.60; 4.41999e-11
0000000004;00:00:37;0000037045;   12.80;-6.07740e-11
0000000004;00:00:37;0000037045;   13.00;-1.65749e-11
0000000004;00:00:37;0000037045;   13.20;-2.76249e-11
0000000004;00:00:37;0000037045;   13.40; 0.00000e+00
0000000004;00:00:37;0000037045;   13.60;-1.10499e-11
0000000004;00:00:37;0000037045;   13.80; 2.20999e-11
0000000004;00:00:37;0000037045;   14.00; 1.65749e-11
0000000004;00:00:37;0000037045;   14.20; 2.76249e-11
0000000004;00:00:37;0000037045;   14.40; 0.00000e+00
0000000004;00:00:37;0000037045;   14.60; 5.52499e-12
0000000004;00:00:37;0000037045;   14.80;-3.31499e-11
0000000004;00:00:37;0000037045;   15.00;-2.20999e-11
0000000004;00:00:37;0000037045;   15.20;-3.86749e-11
0000000004;00:00:37;0000037045;   15.40;-3.31499e-11
0000000004;00:00:37;0000037045;   15.60; 2.20999e-11
0000000004;00:00:37;0000037045;   15.80; 1.54699e-10
0000000004;00:00:37;0000037045;   16.00; 2.09949e-10
0000000004;00:00:37;0000037045;   16.20; 2.70724e-10
0000000004;00:00:37;0000037045;   16.40; 1.65749e-10
0000000004;00:00:37;0000037045;   16.60; 1.76799e-10
0000000004;00:00:37;0000037045;   16.80; 1.03317e-09
0000000004;00:00:37;0000037045;   17.00; 1.95032e-09
0000000004;00:00:37;0000037045;   17.20; 2.23209e-09
0000000004;00:00:37;0000037045;   17.40; 1.28732e-09
0000000004;00:00:37;0000037045;   17.60; 8.34274e-10
0000000004;00:00:37;0000037045;   17.80; 3.96142e-09
0000000004;00:00:37;0000037045;   18.00; 7.82890e-09
0000000004;00:00:37;0000037045;   18.20; 9.34820e-09
0000000004;00:00:37;0000037045;   18.40; 5.07194e-09
0000000004;00:00:37;0000037045;   18.60; 1.62434e-09
0000000004;00:00:37;0000037045;   18.80; 1.48069e-09
0000000004;00:00:37;0000037045;   19.00; 1.90612e-09
0000000004;00:00:37;0000037045;   19.20; 1.89507e-09
0000000004;00:00:37;0000037045;   19.40; 9.66870e-10
0000000004;00:00:37;0000037045;   19.60; 2.59674e-10
0000000004;00:00:37;0000037045;   19.80; 8.83990e-11
0000000004;00:00:37;0000037045;   20.00; 2.20999e-11
0000000004;00:00:37;0000037045;   20.20; 1.10499e-11
0000000004;00:00:37;0000037045;   20.40;-1.10499e-11
0000000004;00:00:37;0000037045;   20.60;-2.20999e-11
0000000004;00:00:37;0000037045;   20.80;-2.76249e-11
0000000004;00:00:37;0000037045;   21.00;-3.31499e-11
0000000004;00:00:37;0000037045;   21.20;-1.10499e-11
0000000004;00:00:37;0000037045;   21.40;-2.76249e-11
0000000004;00:00:37;0000037045;   21.60;-7.73490e-11
0000000004;00:00:37;0000037045;   21.80;-1.10499e-11
0000000004;00:00:37;0000037045;   22.00; 1.65749e-11
0000000004;00:00:37;0000037045;   22.20; 5.52499e-12
0000000004;00:00:37;0000037045;   22.40;-1.65749e-11
0000000004;00:00:37;0000037045;   22.60;-2.20999e-11
0000000004;00:00:37;0000037045;   22.80;-1.10499e-11
0000000004;00:00:37;0000037045;   23.00; 1.10499e-11
0000000004;00:00:37;0000037045;   23.20; 2.76249e-11
0000000004;00:00:37;0000037045;   23.40; 1.10499e-11
0000000004;00:00:37;0000037045;   23.60;-2.20999e-11
0000000004;00:00:37;0000037045;   23.80; 0.00000e+00
0000000004;00:00:37;0000037045;   24.00; 0.00000e+00
0000000004;00:00:37;0000037045;   24.20;-4.97249e-11
0000000004;00:00:37;0000037045;   24.40;-4.41999e-11
0000000004;00:00:37;0000037045;   24.60; 5.52499e-12
0000000004;00:00:37;0000037045;   24.80; 1.65749e-11
0000000004;00:00:37;0000037045;   25.00;-5.52499e-12
0000000004;00:00:37;0000037045;   25.20; 1.10499e-11
0000000004;00:00:37;0000037045;   25.40;-1.10499e-11
0000000004;00:00:37;0000037045;   25.60;-3.86749e-11
0000000004;00:00:37;0000037045;   25.80;-4.97249e-11
0000000004;00:00:37;0000037045;   26.00;-8.83990e-11
0000000004;00:00:37;0000037045;   26.20;-1.65749e-11
0000000004;00:00:37;0000037045;   26.40; 0.00000e+00
0000000004;00:00:37;0000037045;   26.60;-5.52499e-12
0000000004;00:00:37;0000037045;   26.80;-1.10499e-11
0000000004;00:00:37;0000037045;   27.00;-6.07740e-11
0000000004;00:00:37;0000037045;   27.20;-4.97249e-11
0000000004;00:00:37;0000037045;   27.40; 5.52499e-12
0000000004;00:00:37;0000037045;   27.60; 8.28740e-11
0000000004;00:00:37;0000037045;   27.80; 6.79574e-10
0000000004;00:00:37;0000037045;   28.00; 1.35362e-09
0000000004;00:00:37;0000037045;   28.20; 1.60777e-09
0000000004;00:00:37;0000037045;   28.40; 8.39799e-10
0000000004;00:00:37;0000037045;   28.60; 2.09949e-10
0000000004;00:00:37;0000037045;   28.80; 6.62990e-11
0000000004;00:00:37;0000037045;   29.00; 4.41999e-11
0000000004;00:00:37;0000037045;   29.20; 4.41999e-11
0000000004;00:00:37;0000037045;   29.40; 5.52499e-12
0000000004;00:00:37;0000037045;   29.60;-5.52499e-12
0000000004;00:00:37;0000037045;   29.80;-3.31499e-11
0000000004;00:00:37;0000037045;   30.00; 1.10499e-11
0000000004;00:00:37;0000037045;   30.20; 4.41999e-11
0000000004;00:00:37;0000037045;   30.40;-4.41999e-11
0000000004;00:00:37;0000037045;   30.60;-2.76249e-11
0000000004;00:00:37;0000037045;   30.80;-1.10499e-11
0000000004;00:00:37;0000037045;   31.00;-3.31499e-11
0000000004;00:00:37;0000037045;   31.20;-2.76249e-11
0000000004;00:00:37;0000037045;   31.40; 3.31499e-11
0000000004;00:00:37;0000037045;   31.60; 7.18240e-11
0000000004;00:00:37;0000037045;   31.80; 1.82324e-10
0000000004;00:00:37;0000037045;   32.00; 4.47524e-10
0000000004;00:00:37;0000037045;   32.20; 3.75699e-10
0000000004;00:00:37;0000037045;   32.40; 1.49174e-10
0000000004;00:00:37;0000037045;   32.60; 9.39240e-11
0000000004;00:00:37;0000037045;   32.80; 4.97249e-11
0000000004;00:00:37;0000037045;   33.00;-3.31499e-11
0000000004;00:00:37;0000037045;   33.20; 6.62990e-11
0000000004;00:00:37;0000037045;   33.40;-4.41999e-11
0000000004;00:00:37;0000037045;   33.60;-6.62990e-11
0000000004;00:00:37;0000037045;   33.80;-8.28740e-11
0000000004;00:00:37;0000037045;   34.00; 1.10499e-11
0000000004;00:00:37;0000037045;   34.20;-2.76249e-11
0000000004;00:00:37;0000037045;   34.40;-1.10499e-11
0000000004;00:00:37;0000037045;   34.60; 2.76249e-10
0000000004;00:00:37;0000037045;   34.80;-9.39240e-11
0000000004;00:00:37;0000037045;   35.00;-5.52499e-12
0000000004;00:00:37;0000037045;   35.20; 1.10499e-11
0000000004;00:00:37;0000037045;   35.40;-4.41999e-11
0000000004;00:00:37;0000037045;   35.60;-5.52499e-11
0000000004;00:00:37;0000037045;   35.80; 5.52499e-11
0000000004;00:00:37;0000037045;   36.00;-8.28740e-11
0000000004;00:00:37;0000037045;   36.20;-7.73490e-11
0000000004;00:00:37;0000037045;   36.40; 4.97249e-11
0000000004;00:00:37;0000037045;   36.60; 2.76249e-11
0000000004;00:00:37;0000037045;   36.80; 1.10499e-11
0000000004;00:00:37;0000037045;   37.00;-5.52499e-12
0000000004;00:00:37;0000037045;   37.20; 0.00000e+00
0000000004;00:00:37;0000037045;   37.40;-7.18240e-11
0000000004;00:00:37;0000037045;   37.60; 5.52499e-12
0000000004;00:00:37;0000037045;   37.80; 5.52499e-12
0000000004;00:00:37;0000037045;   38.00;-1.65749e-11
0000000004;00:00:37;0000037045;   38.20;-6.07740e-11
0000000004;00:00:37;0000037045;   38.40; 1.10499e-11
0000000004;00:00:37;0000037045;   38.60;-2.76249e-11
0000000004;00:00:37;0000037045;   38.80;-3.86749e-11
0000000004;00:00:37;0000037045;   39.00;-3.31499e-11
0000000004;00:00:37;0000037045;   39.20;-5.52499e-11
0000000004;00:00:37;0000037045;   39.40; 5.52499e-12
0000000004;00:00:37;0000037045;   39.60;-2.76249e-11
0000000004;00:00:37;0000037045;   39.80;-1.65749e-11
0000000004;00:00:37;0000037045;   40.00;-7.18240e-11
0000000004;00:00:37;0000037045;   40.20;-2.20999e-11
0000000004;00:00:37;0000037045;   40.40; 0.00000e+00
0000000004;00:00:37;0000037045;   40.60;-2.76249e-11
0000000004;00:00:37;0000037045;   40.80; 5.52499e-12
0000000004;00:00:37;0000037045;   41.00;-2.20999e-11
0000000004;00:00:37;0000037045;   41.20; 3.31499e-11
0000000004;00:00:37;0000037045;   41.40;-7.18240e-11
0000000004;00:00:37;0000037045;   41.60;-4.41999e-11
0000000004;00:00:37;0000037045;   41.80; 5.52499e-11
0000000004;00:00:37;0000037045;   42.00;-8.28740e-11
0000000004;00:00:37;0000037045;   42.20;-4.97249e-11
0000000004;00:00:37;0000037045;   42.40;-4.41999e-11
0000000004;00:00:37;0000037045;   42.60;-3.31499e-11
0000000004;00:00:37;0000037045;   42.80; 1.65749e-11
0000000004;00:00:37;0000037045;   43.00;-2.20999e-11
0000000004;00:00:37;0000037045;   43.20;-2.20999e-11
0000000004;00:00:37;0000037045;   43.40;-1.10499e-11
0000000004;00:00:37;0000037045;   43.60; 8.83990e-11
0000000004;00:00:37;0000037045;   43.80; 4.97249e-10
0000000004;00:00:37;0000037045;   44.00; 1.18787e-09
0000000004;00:00:37;0000037045;   44.20; 1.41439e-09
0000000004;00:00:37;0000037045;   44.40; 7.12724e-10
0000000004;00:00:37;0000037045;   44.60; 2.09949e-10
0000000004;00:00:37;0000037045;   44.80; 6.07740e-11
0000000004;00:00:37;0000037045;   45.00; 1.10499e-11
0000000004;00:00:37;0000037045;   45.20; 1.60224e-10
0000000004;00:00:37;0000037045;   45.40; 5.52499e-12
0000000004;00:00:37;0000037045;   45.60;-4.41999e-11
0000000004;00:00:37;0000037045;   45.80;-5.52499e-11
0000000004;00:00:37;0000037045;   46.00; 5.52499e-12
0000000004;00:00:37;0000037045;   46.20; 1.65749e-11
0000000004;00:00:37;0000037045;   46.40;-5.52499e-12
0000000004;00:00:37;0000037045;   46.60;-2.20999e-11
0000000004;00:00:37;0000037045;   46.80;-4.41999e-11
0000000004;00:00:37;0000037045;   47.00;-2.20999e-11
0000000004;00:00:37;0000037045;   47.20;-2.20999e-11
0000000004;00:00:37;0000037045;   47.40;-2.20999e-11
0000000004;00:00:37;0000037045;   47.60;-2.76249e-11
0000000004;00:00:37;0000037045;   47.80; 2.20999e-11
0000000004;00:00:37;0000037045;   48.00; 1.65749e-11
0000000004;00:00:37;0000037045;   48.20;-1.10499e-11
0000000004;00:00:37;0000037045;   48.40;-3.31499e-11
0000000004;00:00:37;0000037045;   48.60;-6.62990e-11
0000000004;00:00:37;0000037045;   48.80;-3.31499e-11
0000000004;00:00:37;0000037045;   49.00;-5.52499e-11
0000000004;00:00:37;0000037045;   49.20;-1.65749e-11
0000000004;00:00:37;0000037045;   49.40; 1.65749e-11
0000000004;00:00:37;0000037045;   49.60; 0.00000e+00
0000000004;00:00:37;0000037045;   49.80;-2.20999e-11
0000000004;00:00:37;0000037045;   50.00;-1.65749e-11
0000000005;00:00:50;0000050011;    1.00; 7.50840e-09
0000000005;00:00:50;0000050011;    1.20; 5.69627e-09
0000000005;00:00:50;0000050011;    1.40; 3.92274e-09
0000000005;00:00:50;0000050011;    1.60; 3.53047e-09
0000000005;00:00:50;0000050011;    1.80; 5.47527e-09
0000000005;00:00:50;0000050011;    2.00; 7.28747e-09
0000000005;00:00:50;0000050011;    2.20; 8.12720e-09
0000000005;00:00:50;0000050011;    2.40; 5.58577e-09
0000000005;00:00:50;0000050011;    2.60; 1.71274e-09
0000000005;00:00:50;0000050011;    2.80; 4.58574e-10
0000000005;00:00:50;0000050011;    3.00; 1.71274e-10
0000000005;00:00:50;0000050011;    3.20; 1.16024e-10
0000000005;00:00:50;0000050011;    3.40; 9.39240e-11
0000000005;00:00:50;0000050011;    3.60; 6.07740e-11
0000000005;00:00:50;0000050011;    3.80; 6.07740e-11
0000000005;00:00:50;0000050011;    4.00; 1.71274e-10
0000000005;00:00:50;0000050011;    4.20; 8.83990e-11
0000000005;00:00:50;0000050011;    4.40; 4.97249e-11
0000000005;00:00:50;0000050011;    4.60; 4.97249e-11
0000000005;00:00:50;0000050011;    4.80; 4.41999e-11
0000000005;00:00:50;0000050011;    5.00; 2.20999e-11
0000000005;00:00:50;0000050011;    5.20; 3.86749e-11
0000000005;00:00:50;0000050011;    5.40; 6.62990e-11
0000000005;00:00:50;0000050011;    5.60; 7.73490e-11
0000000005;00:00:50;0000050011;    5.80; 5.52499e-12
0000000005;00:00:50;0000050011;    6.00; 2.20999e-11
0000000005;00:00:50;0000050011;    6.20; 1.65749e-11
0000000005;00:00:50;0000050011;    6.40; 3.86749e-11
0000000005;00:00:50;0000050011;    6.60; 6.07740e-11
0000000005;00:00:50;0000050011;    6.80; 8.28740e-11
0000000005;00:00:50;0000050011;    7.00; 6.62990e-11
0000000005;00:00:50;0000050011;    7.20; 5.52499e-11
0000000005;00:00:50;0000050011;    7.40; 5.52499e-11
0000000005;00:00:50;0000050011;    7.60; 7.73490e-11
0000000005;00:00:50;0000050011;    7.80; 6.07740e-11
0000000005;00:00:50;0000050011;    8.00; 5.52499e-12
0000000005;00:00:50;0000050011;    8.20; 2.20999e-11
0000000005;00:00:50;0000050011;    8.40; 5.52499e-12
0000000005;00:00:50;0000050011;    8.60; 4.97249e-11
0000000005;00:00:50;0000050011;    8.80; 7.18240e-11
0000000005;00:00:50;0000050011;    9.00; 1.65749e-11
0000000005;00:00:50;0000050011;    9.20; 5.52499e-11
0000000005;00:00:50;0000050011;    9.40; 1.27074e-10
0000000005;00:00:50;0000050011;    9.60; 4.41999e-11
0000000005;00:00:50;0000050011;    9.80; 1.65749e-11
0000000005;00:00:50;0000050011;   10.00; 1.32599e-10
0000000005;00:00:50;0000050011;   10.20; 2.20999e-11
0000000005;00:00:50;0000050011;   10.40; 6.07740e-11
0000000005;00:00:50;0000050011;   10.60; 7.18240e-11
0000000005;00:00:50;0000050011;   10.80; 1.27074e-10
0000000005;00:00:50;0000050011;   11.00; 1.16024e-10
0000000005;00:00:50;0000050011;   11.20; 1.43649e-10
0000000005;00:00:50;0000050011;   11.40; 6.07740e-11
0000000005;00:00:50;0000050011;   11.60;-2.20999e-11
0000000005;00:00:50;0000050011;   11.80; 2.20999e-11
0000000005;00:00:50;0000050011;   12.00; 3.86749e-11
0000000005;00:00:50;0000050011;   12.20; 1.54699e-10
0000000005;00:00:50;0000050011;   12.40; 4.41999e-11
0000000005;00:00:50;0000050011;   12.60;-1.65749e-11
0000000005;00:00:50;0000050011;   12.80; 2.76249e-11
0000000005;00:00:50;0000050011;   13.00; 1.10499e-11
0000000005;00:00:50;0000050011;   13.20; 5.52499e-11
0000000005;00:00:50;0000050011;   13.40; 4.41999e-11
0000000005;00:00:50;0000050011;   13.60; 6.07740e-11
0000000005;00:00:50;0000050011;   13.80; 1.16024e-10
0000000005;00:00:50;0000050011;   14.00; 8.83990e-11
0000000005;00:00:50;0000050011;   14.20; 4.41999e-11
0000000005;00:00:50;0000050011;   14.40; 8.83990e-11
0000000005;00:00:50;0000050011;   14.60; 1.65749e-11
0000000005;00:00:50;0000050011;   14.80; 5.52499e-11
0000000005;00:00:50;0000050011;   15.00; 6.62990e-11
0000000005;00:00:50;0000050011;   15.20; 0.00000e+00
0000000005;00:00:50;0000050011;   15.40; 1.10499e-11
0000000005;00:00:50;0000050011;   15.60; 8.83990e-11
0000000005;00:00:50;0000050011;   15.80; 2.48624e-10
0000000005;00:00:50;0000050011;   16.00; 3.03874e-10
0000000005;00:00:50;0000050011;   16.20; 2.70724e-10
0000000005;00:00:50;0000050011;   16.40; 2.37574e-10
0000000005;00:00:50;0000050011;   16.60; 2.76249e-10
0000000005;00:00:50;0000050011;   16.80; 1.03869e-09
0000000005;00:00:50;0000050011;   17.00; 1.98347e-09
0000000005;00:00:50;0000050011;   17.20; 2.32049e-09
0000000005;00:00:50;0000050011;   17.40; 1.22102e-09
0000000005;00:00:50;0000050011;   17.60; 7.62449e-10
0000000005;00:00:50;0000050011;   17.80; 3.95037e-09
0000000005;00:00:50;0000050011;   18.00; 7.71840e-09
0000000005;00:00:50;0000050011;   18.20; 9.34820e-09
0000000005;00:00:50;0000050011;   18.40; 5.09957e-09
0000000005;00:00:50;0000050011;   18.60; 1.43097e-09
0000000005;00:00:50;0000050011;   18.80; 1.48069e-09
0000000005;00:00:50;0000050011;   19.00; 1.91717e-09
0000000005;00:00:50;0000050011;   19.20; 1.96689e-09
0000000005;00:00:50;0000050011;   19.40; 1.06079e-09
0000000005;00:00:50;0000050011;   19.60; 3.09399e-10
0000000005;00:00:50;0000050011;   19.80; 1.04974e-10
0000000005;00:00:50;0000050011;   20.00; 3.86749e-11
0000000005;00:00:50;0000050011;   20.20; 7.18240e-11
0000000005;00:00:50;0000050011;   20.40; 8.28740e-11
0000000005;00:00:50;0000050011;   20.60; 4.97249e-11
0000000005;00:00:50;0000050011;   20.80; 8.83990e-11
0000000005;00:00:50;0000050011;   21.00; 6.62990e-11
0000000005;00:00:50;0000050011;   21.20; 6.07740e-11
0000000005;00:00:50;0000050011;   21.40; 3.86749e-11
0000000005;00:00:50;0000050011;   21.60; 4.41999e-11
0000000005;00:00:50;0000050011;   21.80; 3.86749e-11
0000000005;00:00:50;0000050011;   22.00; 6.62990e-11
0000000005;00:00:50;0000050011;   22.20; 3.31499e-11
0000000005;00:00:50;0000050011;   22.40; 7.18240e-11
0000000005;00:00:50;0000050011;   22.60; 6.07740e-11
0000000005;00:00:50;0000050011;   22.80; 6.07740e-11
0000000005;00:00:50;0000050011;   23.00;-5.52499e-12
0000000005;00:00:50;0000050011;   23.20; 1.10499e-11
0000000005;00:00:50;0000050011;   23.40; 5.52499e-12
0000000005;00:00:50;0000050011;   23.60; 0.00000e+00
0000000005;00:00:50;0000050011;   23.80; 4.41999e-11
0000000005;00:00:50;0000050011;   24.00; 8.83990e-11
0000000005;00:00:50;0000050011;   24.20; 8.83990e-11
0000000005;00:00:50;0000050011;   24.40; 3.31499e-11
0000000005;00:00:50;0000050011;   24.60; 6.62990e-11
0000000005;00:00:50;0000050011;   24.80; 3.31499e-11
0000000005;00:00:50;0000050011;   25.00; 6.62990e-11
0000000005;00:00:50;0000050011;   25.20; 2.76249e-11
0000000005;00:00:50;0000050011;   25.40; 3.86749e-11
0000000005;00:00:50;0000050011;   25.60; 4.41999e-11
0000000005;00:00:50;0000050011;   25.80; 5.52499e-11
0000000005;00:00:50;0000050011;   26.00; 9.39240e-11
0000000005;00:00:50;0000050011;   26.20; 7.18240e-11
0000000005;00:00:50;0000050011;   26.40; 8.83990e-11
0000000005;00:00:50;0000050011;   26.60; 6.62990e-11
0000000005;00:00:50;0000050011;   26.80; 1.04974e-10
0000000005;00:00:50;0000050011;   27.00; 6.62990e-11
0000000005;00:00:50;0000050011;   27.20; 9.39240e-11
0000000005;00:00:50;0000050011;   27.40; 4.41999e-11
0000000005;00:00:50;0000050011;   27.60; 1.16024e-10
0000000005;00:00:50;0000050011;   27.80; 7.23774e-10
0000000005;00:00:50;0000050011;   28.00; 1.39782e-09
0000000005;00:00:50;0000050011;   28.20; 1.60777e-09
0000000005;00:00:50;0000050011;   28.40; 8.78474e-10
0000000005;00:00:50;0000050011;   28.60; 2.65199e-10
0000000005;00:00:50;0000050011;   28.80; 1.16024e-10
0000000005;00:00:50;0000050011;   29.00; 1.32599e-10
0000000005;00:00:50;0000050011;   29.20; 1.10499e-10
0000000005;00:00:50;0000050011;   29.40; 7.18240e-11
0000000005;00:00:50;0000050011;   29.60; 4.41999e-11
0000000005;00:00:50;0000050011;   29.80; 9.94490e-11
0000000005;00:00:50;0000050011;   30.00; 8.28740e-11
0000000005;00:00:50;0000050011;   30.20; 3.31499e-11
0000000005;00:00:50;0000050011;   30.40; 2.20999e-11
0000000005;00:00:50;0000050011;   30.60; 4.41999e-11
0000000005;00:00:50;0000050011;   30.80; 8.83990e-11
0000000005;00:00:50;0000050011;   31.00; 2.20999e-11
0000000005;00:00:50;0000050011;   31.20; 3.31499e-11
0000000005;00:00:50;0000050011;   31.40; 6.62990e-11
0000000005;00:00:50;0000050011;   31.60; 1.04974e-10
0000000005;00:00:50;0000050011;   31.80; 2.37574e-10
0000000005;00:00:50;0000050011;   32.00; 3.81224e-10
0000000005;00:00:50;0000050011;   32.20; 4.75149e-10
0000000005;00:00:50;0000050011;   32.40; 2.37574e-10
0000000005;00:00:50;0000050011;   32.60; 1.60224e-10
0000000005;00:00:50;0000050011;   32.80; 7.73490e-11
0000000005;00:00:50;0000050011;   33.00; 5.52499e-11
0000000005;00:00:50;0000050011;   33.20; 3.86749e-11
0000000005;00:00:50;0000050011;   33.40; 8.28740e-11
0000000005;00:00:50;0000050011;   33.60; 8.28740e-11
0000000005;00:00:50;0000050011;   33.80; 7.73490e-11
0000000005;00:00:50;0000050011;   34.00; 6.62990e-11
0000000005;00:00:50;0000050011;   34.20; 6.62990e-11
0000000005;00:00:50;0000050011;   34.40; 3.86749e-11
0000000005;00:00:50;0000050011;   34.60; 1.10499e-10
0000000005;00:00:50;0000050011;   34.80; 7.18240e-11
0000000005;00:00:50;0000050011;   35.00; 1.54699e-10
0000000005;00:00:50;0000050011;   35.20; 1.27074e-10
0000000005;00:00:50;0000050011;   35.40; 4.97249e-11
0000000005;00:00:50;0000050011;   35.60; 6.62990e-11
0000000005;00:00:50;0000050011;   35.80; 2.76249e-11
0000000005;00:00:50;0000050011;   36.00; 7.18240e-11
0000000005;00:00:50;0000050011;   36.20; 3.86749e-11
0000000005;00:00:50;0000050011;   36.40; 9.39240e-11
0000000005;00:00:50;0000050011;   36.60; 7.73490e-11
0000000005;00:00:50;0000050011;   36.80; 6.62990e-11
0000000005;00:00:50;0000050011;   37.00; 9.39240e-11
0000000005;00:00:50;0000050011;   37.20; 9.39240e-11
0000000005;00:00:50;0000050011;   37.40; 1.65749e-11
0000000005;00:00:50;0000050011;   37.60; 4.41999e-11
0000000005;00:00:50;0000050011;   37.80; 5.52499e-11
0000000005;00:00:50;0000050011;   38.00; 2.20999e-11
0000000005;00:00:50;0000050011;   38.20; 2.76249e-11
0000000005;00:00:50;0000050011;   38.40; 2.76249e-11
0000000005;00:00:50;0000050011;   38.60; 3.31499e-11
0000000005;00:00:50;0000050011;   38.80; 1.65749e-11
0000000005;00:00:50;0000050011;   39.00; 1.10499e-11
0000000005;00:00:50;0000050011;   39.20; 1.10499e-11
0000000005;00:00:50;0000050011;   39.40; 0.00000e+00
0000000005;00:00:50;0000050011;   39.60; 5.52499e-12
0000000005;00:00:50;0000050011;   39.80; 2.20999e-11
0000000005;00:00:50;0000050011;   40.00; 6.07740e-11
0000000005;00:00:50;0000050011;   40.20; 9.94490e-11
0000000005;00:00:50;0000050011;   40.40; 8.83990e-11
0000000005;00:00:50;0000050011;   40.60; 7.73490e-11
0000000005;00:00:50;0000050011;   40.80; 7.73490e-11
0000000005;00:00:50;0000050011;   41.00; 5.52499e-12
0000000005;00:00:50;0000050011;   41.20; 6.62990e-11
0000000005;00:00:50;0000050011;   41.40; 4.41999e-11
0000000005;00:00:50;0000050011;   41.60; 2.76249e-11
0000000005;00:00:50;0000050011;   41.80; 5.52499e-12
0000000005;00:00:50;0000050011;   42.00; 3.86749e-11
0000000005;00:00:50;0000050011;   42.20; 7.18240e-11
0000000005;00:00:50;0000050011;   42.40; 0.00000e+00
0000000005;00:00:50;0000050011;   42.60;-5.52499e-12
0000000005;00:00:50;0000050011;   42.80;-5.52499e-12
0000000005;00:00:50;0000050011;   43.00; 4.41999e-11
0000000005;00:00:50;0000050011;   43.20; 6.62990e-11
0000000005;00:00:50;0000050011;   43.40; 7.73490e-11
0000000005;00:00:50;0000050011;   43.60; 1.82324e-10
0000000005;00:00:50;0000050011;   43.80; 5.35924e-10
0000000005;00:00:50;0000050011;   44.00; 1.24864e-09
0000000005;00:00:50;0000050011;   44.20; 1.46412e-09
0000000005;00:00:50;0000050011;   44.40; 7.40349e-10
0000000005;00:00:50;0000050011;   44.60; 2.15474e-10
0000000005;00:00:50;0000050011;   44.80; 1.32599e-10
0000000005;00:00:50;0000050011;   45.00; 6.62990e-11
0000000005;00:00:50;0000050011;   45.20; 1.43649e-10
0000000005;00:00:50;0000050011;   45.40; 2.76249e-11
0000000005;00:00:50;0000050011;   45.60; 7.73490e-11
0000000005;00:00:50;0000050011;   45.80; 8.83990e-11
0000000005;00:00:50;0000050011;   46.00; 5.52499e-12
0000000005;00:00:50;0000050011;   46.20; 7.18240e-11
0000000005;00:00:50;0000050011;   46.40; 3.31499e-11
0000000005;00:00:50;0000050011;   46.60; 2.20999e-11
0000000005;00:00:50;0000050011;   46.80; 1.10499e-11
0000000005;00:00:50;0000050011;   47.00; 2.20999e-11
0000000005;00:00:50;0000050011;   47.20; 3.86749e-11
0000000005;00:00:50;0000050011;   47.40; 7.18240e-11
0000000005;00:00:50;0000050011;   47.60; 1.49174e-10
0000000005;00:00:50;0000050011;   47.80; 1.38124e-10
0000000005;00:00:50;0000050011;   48.00; 0.00000e+00
0000000005;00:00:50;0000050011;   48.20;-3.31499e-11
0000000005;00:00:50;0000050011;   48.40; 4.41999e-11
0000000005;00:00:50;0000050011;   48.60;-5.52499e-12
0000000005;00:00:50;0000050011;   48.80; 3.86749e-11
0000000005;00:00:50;0000050011;   49.00; 5.52499e-11
0000000005;00:00:50;0000050011;   49.20; 4.41999e-11
0000000005;00:00:50;0000050011;   49.40; 5.52499e-11
0000000005;00:00:50;0000050011;   49.60; 9.39240e-11
0000000005;00:00:50;0000050011;   49.80; 4.97249e-11
0000000005;00:00:50;0000050011;   50.00; 9.94490e-11
0000000006;00:01:03;0000063008;    1.00; 7.35377e-09
0000000006;00:01:03;0000063008;    1.20; 5.70732e-09
0000000006;00:01:03;0000063008;    1.40; 3.81224e-09
0000000006;00:01:03;0000063008;    1.60; 3.43654e-09
0000000006;00:01:03;0000063008;    1.80; 5.33714e-09
0000000006;00:01:03;0000063008;    2.00; 7.30404e-09
0000000006;00:01:03;0000063008;    2.20; 8.08850e-09
0000000006;00:01:03;0000063008;    2.40; 5.53052e-09
0000000006;00:01:03;0000063008;    2.60; 1.53594e-09
0000000006;00:01:03;0000063008;    2.80; 3.48074e-10
0000000006;00:01:03;0000063008;    3.00; 8.83990e-11
0000000006;00:01:03;0000063008;    3.20; 1.10499e-11
0000000006;00:01:03;0000063008;    3.40;-3.31499e-11
0000000006;00:01:03;0000063008;    3.60;-2.20999e-11
0000000006;00:01:03;0000063008;    3.80;-1.65749e-11
0000000006;00:01:03;0000063008;    4.00; 2.20999e-11
0000000006;00:01:03;0000063008;    4.20; 0.00000e+00
0000000006;00:01:03;0000063008;    4.40; 0.00000e+00
0000000006;00:01:03;0000063008;    4.60;-3.86749e-11
0000000006;00:01:03;0000063008;    4.80;-6.62990e-11
0000000006;00:01:03;0000063008;    5.00;-9.39240e-11
0000000006;00:01:03;0000063008;    5.20;-2.76249e-11
0000000006;00:01:03;0000063008;    5.40; 3.31499e-11
0000000006;00:01:03;0000063008;    5.60;-2.20999e-11
0000000006;00:01:03;0000063008;    5.80;-4.97249e-11
0000000006;00:01:03;0000063008;    6.00;-2.76249e-11
0000000006;00:01:03;0000063008;    6.20; 5.52499e-12
0000000006;00:01:03;0000063008;    6.40; 0.00000e+00
0000000006;00:01:03;0000063008;    6.60; 1.10499e-11
0000000006;00:01:03;0000063008;    6.80; 3.31499e-11
0000000006;00:01:03;0000063008;    7.00;-4.97249e-11
0000000006;00:01:03;0000063008;    7.20;-3.86749e-11
0000000006;00:01:03;0000063008;    7.40; 2.20999e-11
0000000006;00:01:03;0000063008;    7.60; 0.00000e+00
0000000006;00:01:03;0000063008;    7.80; 1.10499e-11
0000000006;00:01:03;0000063008;    8.00;-1.10499e-11
0000000006;00:01:03;0000063008;    8.20;-6.07740e-11
0000000006;00:01:03;0000063008;    8.40;-1.65749e-11
0000000006;00:01:03;0000063008;    8.60;-5.52499e-12
0000000006;00:01:03;0000063008;    8.80;-1.65749e-11
0000000006;00:01:03;0000063008;    9.00;-3.86749e-11
0000000006;00:01:03;0000063008;    9.20;-1.65749e-11
0000000006;00:01:03;0000063008;    9.40; 1.10499e-11
0000000006;00:01:03;0000063008;    9.60;-6.07740e-11
0000000006;00:01:03;0000063008;    9.80;-3.86749e-11
0000000006;00:01:03;0000063008;   10.00; 0.00000e+00
0000000006;00:01:03;0000063008;   10.20;-6.07740e-11
0000000006;00:01:03;0000063008;   10.40;-2.20999e-11
0000000006;00:01:03;0000063008;   10.60;-2.76249e-11
0000000006;00:01:03;0000063008;   10.80; 1.10499e-11
0000000006;00:01:03;0000063008;   11.00; 1.10499e-11
0000000006;00:01:03;0000063008;   11.20;-3.86749e-11
0000000006;00:01:03;0000063008;   11.40;-9.94490e-11
0000000006;00:01:03;0000063008;   11.60;-3.31499e-11
0000000006;00:01:03;0000063008;   11.80; 5.52499e-11
0000000006;00:01:03;0000063008;   12.00; 8.28740e-11
0000000006;00:01:03;0000063008;   12.20; 3.31499e-11
0000000006;00:01:03;0000063008;   12.40; 2.20999e-11
0000000006;00:01:03;0000063008;   12.60; 0.00000e+00
0000000006;00:01:03;0000063008;   12.80; 1.10499e-11
0000000006;00:01:03;0000063008;   13.00;-5.52499e-11
0000000006;00:01:03;0000063008;   13.20;-5.52499e-11
0000000006;00:01:03;0000063008;   13.40;-2.76249e-11
0000000006;00:01:03;0000063008;   13.60; 2.20999e-11
0000000006;00:01:03;0000063008;   13.80; 3.86749e-11
0000000006;00:01:03;0000063008;   14.00; 4.41999e-11
0000000006;00:01:03;0000063008;   14.20; 4.97249e-11
0000000006;00:01:03;0000063008;   14.40; 3.86749e-11
0000000006;00:01:03;0000063008;   14.60; 1.65749e-11
0000000006;00:01:03;0000063008;   14.80;-5.52499e-12
0000000006;00:01:03;0000063008;   15.00; 4.41999e-11
0000000006;00:01:03;0000063008;   15.20;-5.52499e-12
0000000006;00:01:03;0000063008;   15.40;-3.31499e-11
0000000006;00:01:03;0000063008;   15.60; 1.10499e-11
0000000006;00:01:03;0000063008;   15.80; 1.27074e-10
0000000006;00:01:03;0000063008;   16.00; 1.71274e-10
0000000006;00:01:03;0000063008;   16.20; 2.70724e-10
0000000006;00:01:03;0000063008;   16.40; 1.98899e-10
0000000006;00:01:03;0000063008;   16.60; 2.26524e-10
0000000006;00:01:03;0000063008;   16.80; 1.03317e-09
0000000006;00:01:03;0000063008;   17.00; 1.92269e-09
0000000006;00:01:03;0000063008;   17.20; 2.28182e-09
0000000006;00:01:03;0000063008;   17.40; 1.21549e-09
0000000006;00:01:03;0000063008;   17.60; 7.79024e-10
0000000006;00:01:03;0000063008;   17.80; 3.90617e-09
0000000006;00:01:03;0000063008;   18.00; 7.65210e-09
0000000006;00:01:03;0000063008;   18.20; 9.31510e-09
0000000006;00:01:03;0000063008;   18.40; 5.00012e-09
0000000006;00:01:03;0000063008;   18.60; 1.53594e-09
0000000006;00:01:03;0000063008;   18.80; 1.39782e-09
0000000006;00:01:03;0000063008;   19.00; 1.88954e-09
0000000006;00:01:03;0000063008;   19.20; 1.95032e-09
0000000006;00:01:03;0000063008;   19.40; 9.61340e-10
0000000006;00:01:03;0000063008;   19.60; 1.76799e-10
0000000006;00:01:03;0000063008;   19.80; 4.97249e-11
0000000006;00:01:03;0000063008;   20.00; 5.52499e-11
0000000006;00:01:03;0000063008;   20.20; 1.10499e-11
0000000006;00:01:03;0000063008;   20.40;-5.52499e-12
0000000006;00:01:03;0000063008;   20.60;-1.65749e-11
0000000006;00:01:03;0000063008;   20.80; 1.10499e-11
0000000006;00:01:03;0000063008;   21.00;-4.41999e-11
0000000006;00:01:03;0000063008;   21.20;-3.31499e-11
0000000006;00:01:03;0000063008;   21.40;-2.76249e-11
0000000006;00:01:03;0000063008;   21.60;-4.41999e-11
0000000006;00:01:03;0000063008;   21.80; 5.52499e-12
0000000006;00:01:03;0000063008;   22.00;-7.18240e-11
0000000006;00:01:03;0000063008;   22.20;-6.62990e-11
0000000006;00:01:03;0000063008;   22.40; 2.20999e-11
0000000006;00:01:03;0000063008;   22.60; 1.04974e-10
0000000006;00:01:03;0000063008;   22.80; 7.73490e-11
0000000006;00:01:03;0000063008;   23.00;-1.65749e-11
0000000006;00:01:03;0000063008;   23.20;-4.41999e-11
0000000006;00:01:03;0000063008;   23.40;-8.28740e-11
0000000006;00:01:03;0000063008;   23.60; 4.41999e-11
0000000006;00:01:03;0000063008;   23.80;-6.07740e-11
0000000006;00:01:03;0000063008;   24.00;-1.16024e-10
0000000006;00:01:03;0000063008;   24.20;-1.65749e-11
0000000006;00:01:03;0000063008;   24.40; 0.00000e+00
0000000006;00:01:03;0000063008;   24.60; 2.20999e-11
0000000006;00:01:03;0000063008;   24.80;-5.52499e-12
0000000006;00:01:03;0000063008;   25.00;-1.10499e-11
0000000006;00:01:03;0000063008;   25.20; 5.52499e-12
0000000006;00:01:03;0000063008;   25.40; 4.41999e-11
0000000006;00:01:03;0000063008;   25.60; 1.65749e-11
0000000006;00:01:03;0000063008;   25.80;-6.62990e-11
0000000006;00:01:03;0000063008;   26.00;-2.20999e-11
0000000006;00:01:03;0000063008;   26.20; 1.65749e-11
0000000006;00:01:03;0000063008;   26.40; 4.41999e-11
0000000006;00:01:03;0000063008;   26.60;-7.18240e-11
0000000006;00:01:03;0000063008;   26.80;-2.76249e-11
0000000006;00:01:03;0000063008;   27.00; 8.83990e-11
0000000006;00:01:03;0000063008;   27.20; 4.97249e-11
0000000006;00:01:03;0000063008;   27.40;-2.20999e-11
0000000006;00:01:03;0000063008;   27.60; 1.32599e-10
0000000006;00:01:03;0000063008;   27.80; 7.18249e-10
0000000006;00:01:03;0000063008;   28.00; 1.45859e-09
0000000006;00:01:03;0000063008;   28.20; 1.61329e-09
0000000006;00:01:03;0000063008;   28.40; 7.84549e-10
0000000006;00:01:03;0000063008;   28.60; 1.65749e-10
0000000006;00:01:03;0000063008;   28.80; 8.28740e-11
0000000006;00:01:03;0000063008;   29.00; 7.18240e-11
0000000006;00:01:03;0000063008;   29.20; 1.65749e-11
0000000006;00:01:03;0000063008;   29.40; 1.10499e-11
0000000006;00:01:03;0000063008;   29.60; 7.73490e-11
0000000006;00:01:03;0000063008;   29.80; 4.97249e-11
0000000006;00:01:03;0000063008;   30.00;-6.07740e-11
0000000006;00:01:03;0000063008;   30.20;-2.76249e-11
0000000006;00:01:03;0000063008;   30.40; 2.20999e-11
0000000006;00:01:03;0000063008;   30.60;-8.28740e-11
0000000006;00:01:03;0000063008;   30.80;-3.31499e-11
0000000006;00:01:03;0000063008;   31.00;-5.52499e-12
0000000006;00:01:03;0000063008;   31.20;-4.41999e-11
0000000006;00:01:03;0000063008;   31.40;-4.41999e-11
0000000006;00:01:03;0000063008;   31.60; 1.10499e-11
0000000006;00:01:03;0000063008;   31.80; 1.76799e-10
0000000006;00:01:03;0000063008;   32.00; 3.14924e-10
0000000006;00:01:03;0000063008;   32.20; 3.97799e-10
0000000006;00:01:03;0000063008;   32.40; 2.20999e-10
0000000006;00:01:03;0000063008;   32.60; 2.20999e-11
0000000006;00:01:03;0000063008;   32.80;-5.52499e-12
0000000006;00:01:03;0000063008;   33.00;-1.10499e-11
0000000006;00:01:03;0000063008;   33.20;-3.31499e-11
0000000006;00:01:03;0000063008;   33.40;-5.52499e-12
0000000006;00:01:03;0000063008;   33.60; 1.10499e-11
0000000006;00:01:03;0000063008;   33.80;-5.52499e-12
0000000006;00:01:03;0000063008;   34.00;-2.20999e-11
0000000006;00:01:03;0000063008;   34.20; 1.65749e-11
0000000006;00:01:03;0000063008;   34.40;-1.65749e-11
0000000006;00:01:03;0000063008;   34.60; 5.52499e-12
0000000006;00:01:03;0000063008;   34.80; 3.31499e-11
0000000006;00:01:03;0000063008;   35.00; 3.86749e-11
0000000006;00:01:03;0000063008;   35.20; 1.16024e-10
0000000006;00:01:03;0000063008;   35.40; 6.62990e-11
0000000006;00:01:03;0000063008;   35.60; 3.86749e-11
0000000006;00:01:03;0000063008;   35.80; 2.76249e-11
0000000006;00:01:03;0000063008;   36.00;-2.20999e-11
0000000006;00:01:03;0000063008;   36.20; 3.86749e-11
0000000006;00:01:03;0000063008;   36.40;-1.10499e-11
0000000006;00:01:03;0000063008;   36.60;-3.31499e-11
0000000006;00:01:03;0000063008;   36.80; 1.10499e-11
0000000006;00:01:03;0000063008;   37.00; 5.52499e-12
0000000006;00:01:03;0000063008;   37.20;-5.52499e-12
0000000006;00:01:03;0000063008;   37.40; 2.20999e-11
0000000006;00:01:03;0000063008;   37.60; 5.52499e-12
0000000006;00:01:03;0000063008;   37.80;-2.76249e-11
0000000006;00:01:03;0000063008;   38.00;-2.20999e-11
0000000006;00:01:03;0000063008;   38.20;-1.10499e-11
0000000006;00:01:03;0000063008;   38.40;-2.20999e-11
0000000006;00:01:03;0000063008;   38.60; 0.00000e+00
0000000006;00:01:03;0000063008;   38.80; 0.00000e+00
0000000006;00:01:03;0000063008;   39.00;-2.20999e-11
0000000006;00:01:03;0000063008;   39.20; 2.20999e-11
0000000006;00:01:03;0000063008;   39.40; 1.10499e-11
0000000006;00:01:03;0000063008;   39.60;-1.10499e-11
0000000006;00:01:03;0000063008;   39.80;-4.97249e-11
0000000006;00:01:03;0000063008;   40.00; 0.00000e+00
0000000006;00:01:03;0000063008;   40.20;-2.20999e-11
0000000006;00:01:03;0000063008;   40.40;-3.86749e-11
0000000006;00:01:03;0000063008;   40.60; 3.31499e-11
0000000006;00:01:03;0000063008;   40.80; 2.20999e-11
0000000006;00:01:03;0000063008;   41.00;-4.41999e-11
0000000006;00:01:03;0000063008;   41.20;-2.76249e-11
0000000006;00:01:03;0000063008;   41.40; 2.76249e-11
0000000006;00:01:03;0000063008;   41.60; 2.20999e-11
0000000006;00:01:03;0000063008;   41.80;-3.86749e-11
0000000006;00:01:03;0000063008;   42.00;-5.52499e-11
0000000006;00:01:03;0000063008;   42.20;-3.31499e-11
0000000006;00:01:03;0000063008;   42.40;-2.76249e-11
0000000006;00:01:03;0000063008;   42.60;-2.20999e-11
0000000006;00:01:03;0000063008;   42.80; 0.00000e+00
0000000006;00:01:03;0000063008;   43.00; 1.10499e-11
0000000006;00:01:03;0000063008;   43.20; 4.41999e-11
0000000006;00:01:03;0000063008;   43.40; 1.10499e-11
0000000006;00:01:03;0000063008;   43.60; 1.10499e-10
0000000006;00:01:03;0000063008;   43.80; 4.41999e-10
0000000006;00:01:03;0000063008;   44.00; 1.09394e-09
0000000006;00:01:03;0000063008;   44.20; 1.38677e-09
0000000006;00:01:03;0000063008;   44.40; 7.51399e-10
0000000006;00:01:03;0000063008;   44.60; 1.87849e-10
0000000006;00:01:03;0000063008;   44.80; 1.65749e-11
0000000006;00:01:03;0000063008;   45.00; 2.76249e-11
0000000006;00:01:03;0000063008;   45.20; 5.52499e-12
0000000006;00:01:03;0000063008;   45.40; 5.52499e-12
0000000006;00:01:03;0000063008;   45.60;-2.20999e-11
0000000006;00:01:03;0000063008;   45.80; 1.10499e-11
0000000006;00:01:03;0000063008;   46.00; 1.10499e-11
0000000006;00:01:03;0000063008;   46.20; 2.20999e-11
0000000006;00:01:03;0000063008;   46.40; 3.86749e-11
0000000006;00:01:03;0000063008;   46.60; 0.00000e+00
0000000006;00:01:03;0000063008;   46.80; 0.00000e+00
0000000006;00:01:03;0000063008;   47.00; 5.52499e-12
0000000006;00:01:03;0000063008;   47.20; 5.52499e-12
0000000006;00:01:03;0000063008;   47.40; 1.10499e-10
0000000006;00:01:03;0000063008;   47.60; 1.10499e-11
0000000006;00:01:03;0000063008;   47.80;-2.76249e-11
0000000006;00:01:03;0000063008;   48.00; 1.65749e-11
0000000006;00:01:03;0000063008;   48.20; 0.00000e+00
0000000006;00:01:03;0000063008;   48.40; 2.76249e-11
0000000006;00:01:03;0000063008;   48.60;-5.52499e-12
0000000006;00:01:03;0000063008;   48.80;-4.41999e-11
0000000006;00:01:03;0000063008;   49.00;-6.62990e-11
0000000006;00:01:03;0000063008;   49.20;-3.31499e-11
0000000006;00:01:03;0000063008;   49.40; 4.41999e-11
0000000006;00:01:03;0000063008;   49.60;-9.94490e-11
0000000006;00:01:03;0000063008;   49.80;-5.52499e-12
0000000006;00:01:03;0000063008;   50.00;-2.76249e-11
0000000007;00:01:15;0000075988;    1.00; 7.37034e-09
0000000007;00:01:15;0000075988;    1.20; 5.58577e-09
0000000007;00:01:15;0000075988;    1.40; 3.87854e-09
0000000007;00:01:15;0000075988;    1.60; 3.43102e-09
0000000007;00:01:15;0000075988;    1.80; 5.24322e-09
0000000007;00:01:15;0000075988;    2.00; 7.20459e-09
0000000007;00:01:15;0000075988;    2.20; 8.02780e-09
0000000007;00:01:15;0000075988;    2.40; 5.48632e-09
0000000007;00:01:15;0000075988;    2.60; 1.54699e-09
0000000007;00:01:15;0000075988;    2.80; 3.37024e-10
0000000007;00:01:15;0000075988;    3.00; 6.62990e-11
0000000007;00:01:15;0000075988;    3.20; 3.86749e-11
0000000007;00:01:15;0000075988;    3.40;-2.76249e-11
0000000007;00:01:15;0000075988;    3.60; 0.00000e+00
0000000007;00:01:15;0000075988;    3.80; 2.20999e-11
0000000007;00:01:15;0000075988;    4.00; 3.86749e-11
0000000007;00:01:15;0000075988;    4.20; 2.20999e-11
0000000007;00:01:15;0000075988;    4.40; 1.10499e-11
0000000007;00:01:15;0000075988;    4.60;-1.65749e-11
0000000007;00:01:15;0000075988;    4.80;-4.97249e-11
0000000007;00:01:15;0000075988;    5.00;-2.76249e-11
0000000007;00:01:15;0000075988;    5.20;-3.31499e-11
0000000007;00:01:15;0000075988;    5.40;-3.86749e-11
0000000007;00:01:15;0000075988;    5.60; 4.41999e-11
0000000007;00:01:15;0000075988;    5.80;-1.10499e-11
0000000007;00:01:15;0000075988;    6.00; 5.52499e-12
0000000007;00:01:15;0000075988;    6.20;-1.10499e-11
0000000007;00:01:15;0000075988;    6.40;-4.97249e-11
0000000007;00:01:15;0000075988;    6.60;-7.73490e-11
0000000007;00:01:15;0000075988;    6.80; 1.10499e-11
0000000007;00:01:15;0000075988;    7.00; 1.65749e-11
0000000007;00:01:15;0000075988;    7.20;-4.41999e-11
0000000007;00:01:15;0000075988;    7.40;-1.10499e-11
0000000007;00:01:15;0000075988;    7.60; 4.41999e-11
0000000007;00:01:15;0000075988;    7.80;-1.65749e-11
0000000007;00:01:15;0000075988;    8.00;-3.31499e-11
0000000007;00:01:15;0000075988;    8.20; 5.52499e-11
0000000007;00:01:15;0000075988;    8.40;-5.52499e-12
0000000007;00:01:15;0000075988;    8.60;-2.20999e-11
0000000007;00:01:15;0000075988;    8.80;-9.39240e-11
0000000007;00:01:15;0000075988;    9.00;-1.65749e-11
0000000007;00:01:15;0000075988;    9.20;-3.31499e-11
0000000007;00:01:15;0000075988;    9.40;-1.10499e-11
0000000007;00:01:15;0000075988;    9.60; 3.31499e-11
0000000007;00:01:15;0000075988;    9.80; 5.52499e-12
0000000007;00:01:15;0000075988;   10.00;-2.76249e-11
0000000007;00:01:15;0000075988;   10.20;-3.31499e-11
0000000007;00:01:15;0000075988;   10.40;-5.52499e-12
0000000007;00:01:15;0000075988;   10.60;-4.41999e-11
0000000007;00:01:15;0000075988;   10.80;-1.65749e-11
0000000007;00:01:15;0000075988;   11.00; 5.52499e-12
0000000007;00:01:15;0000075988;   11.20;-1.10499e-11
0000000007;00:01:15;0000075988;   11.40; 0.00000e+00
0000000007;00:01:15;0000075988;   11.60; 1.65749e-11
0000000007;00:01:15;0000075988;   11.80; 2.76249e-11
0000000007;00:01:15;0000075988;   12.00; 0.00000e+00
0000000007;00:01:15;0000075988;   12.20; 2.76249e-11
0000000007;00:01:15;0000075988;   12.40; 1.10499e-11
0000000007;00:01:15;0000075988;   12.60;-3.86749e-11
0000000007;00:01:15;0000075988;   12.80;-2.76249e-11
0000000007;00:01:15;0000075988;   13.00; 0.00000e+00
0000000007;00:01:15;0000075988;   13.20;-6.62990e-11
0000000007;00:01:15;0000075988;   13.40;-6.07740e-11
0000000007;00:01:15;0000075988;   13.60;-2.76249e-11
0000000007;00:01:15;0000075988;   13.80;-1.65749e-11
0000000007;00:01:15;0000075988;   14.00; 0.00000e+00
0000000007;00:01:15;0000075988;   14.20; 3.31499e-11
0000000007;00:01:15;0000075988;   14.40; 0.00000e+00
0000000007;00:01:15;0000075988;   14.60;-7.18240e-11
0000000007;00:01:15;0000075988;   14.80;-2.20999e-11
0000000007;00:01:15;0000075988;   15.00;-1.65749e-11
0000000007;00:01:15;0000075988;   15.20; 1.10499e-11
0000000007;00:01:15;0000075988;   15.40; 0.00000e+00
0000000007;00:01:15;0000075988;   15.60;-1.65749e-11
0000000007;00:01:15;0000075988;   15.80; 1.16024e-10
0000000007;00:01:15;0000075988;   16.00; 2.65199e-10
0000000007;00:01:15;0000075988;   16.20; 2.92824e-10
0000000007;00:01:15;0000075988;   16.40; 1.38124e-10
0000000007;00:01:15;0000075988;   16.60; 1.76799e-10
0000000007;00:01:15;0000075988;   16.80; 9.72390e-10
0000000007;00:01:15;0000075988;   17.00; 1.88402e-09
0000000007;00:01:15;0000075988;   17.20; 2.23209e-09
0000000007;00:01:15;0000075988;   17.40; 1.20997e-09
0000000007;00:01:15;0000075988;   17.60; 7.73499e-10
0000000007;00:01:15;0000075988;   17.80; 3.86749e-09
0000000007;00:01:15;0000075988;   18.00; 7.59130e-09
0000000007;00:01:15;0000075988;   18.20; 9.23770e-09
0000000007;00:01:15;0000075988;   18.40; 4.97249e-09
0000000007;00:01:15;0000075988;   18.60; 1.59119e-09
0000000007;00:01:15;0000075988;   18.80; 1.44202e-09
0000000007;00:01:15;0000075988;   19.00; 1.86192e-09
0000000007;00:01:15;0000075988;   19.20; 1.91717e-09
0000000007;00:01:15;0000075988;   19.40; 1.01659e-09
0000000007;00:01:15;0000075988;   19.60; 2.76249e-10
0000000007;00:01:15;0000075988;   19.80; 4.97249e-11
0000000007;00:01:15;0000075988;   20.00; 2.76249e-11
0000000007;00:01:15;0000075988;   20.20; 2.20999e-11
0000000007;00:01:15;0000075988;   20.40; 2.20999e-11
0000000007;00:01:15;0000075988;   20.60; 1.65749e-11
0000000007;00:01:15;0000075988;   20.80;-5.52499e-11
0000000007;00:01:15;0000075988;   21.00; 5.52499e-12
0000000007;00:01:15;0000075988;   21.20;-2.76249e-11
0000000007;00:01:15;0000075988;   21.40;-5.52499e-12
0000000007;00:01:15;0000075988;   21.60;-2.20999e-11
0000000007;00:01:15;0000075988;   21.80;-1.65749e-11
0000000007;00:01:15;0000075988;   22.00;-2.76249e-11
0000000007;00:01:15;0000075988;   22.20;-2.76249e-11
0000000007;00:01:15;0000075988;   22.40; 4.41999e-11
0000000007;00:01:15;0000075988;   22.60;-1.60224e-10
0000000007;00:01:15;0000075988;   22.80;-1.21549e-10
0000000007;00:01:15;0000075988;   23.00; 2.20999e-11
0000000007;00:01:15;0000075988;   23.20;-6.07740e-11
0000000007;00:01:15;0000075988;   23.40;-1.27074e-10
0000000007;00:01:15;0000075988;   23.60; 1.10499e-11
0000000007;00:01:15;0000075988;   23.80; 7.73490e-11
0000000007;00:01:15;0000075988;   24.00; 5.52499e-12
0000000007;00:01:15;0000075988;   24.20;-8.28740e-11
0000000007;00:01:15;0000075988;   24.40;-1.16024e-10
0000000007;00:01:15;0000075988;   24.60;-1.04974e-10
0000000007;00:01:15;0000075988;   24.80; 4.97249e-11
0000000007;00:01:15;0000075988;   25.00; 1.65749e-11
0000000007;00:01:15;0000075988;   25.20;-4.41999e-11
0000000007;00:01:15;0000075988;   25.40;-8.28740e-11
0000000007;00:01:15;0000075988;   25.60; 1.16024e-10
0000000007;00:01:15;0000075988;   25.80; 4.41999e-11
0000000007;00:01:15;0000075988;   26.00; 1.27074e-10
0000000007;00:01:15;0000075988;   26.20;-8.83990e-11
0000000007;00:01:15;0000075988;   26.40;-8.28740e-11
0000000007;00:01:15;0000075988;   26.60; 5.52499e-12
0000000007;00:01:15;0000075988;   26.80; 5.52499e-11
0000000007;00:01:15;0000075988;   27.00;-6.62990e-11
0000000007;00:01:15;0000075988;   27.20; 0.00000e+00
0000000007;00:01:15;0000075988;   27.40;-1.10499e-11
0000000007;00:01:15;0000075988;   27.60; 1.27074e-10
0000000007;00:01:15;0000075988;   27.80; 6.02224e-10
0000000007;00:01:15;0000075988;   28.00; 1.33704e-09
0000000007;00:01:15;0000075988;   28.20; 1.60224e-09
0000000007;00:01:15;0000075988;   28.40; 8.61899e-10
0000000007;00:01:15;0000075988;   28.60; 1.65749e-10
0000000007;00:01:15;0000075988;   28.80; 1.10499e-11
0000000007;00:01:15;0000075988;   29.00; 8.28740e-11
0000000007;00:01:15;0000075988;   29.20; 1.32599e-10
0000000007;00:01:15;0000075988;   29.40; 4.41999e-11
0000000007;00:01:15;0000075988;   29.60;-3.31499e-11
0000000007;00:01:15;0000075988;   29.80;-5.52499e-12
0000000007;00:01:15;0000075988;   30.00; 2.20999e-11
0000000007;00:01:15;0000075988;   30.20; 0.00000e+00
0000000007;00:01:15;0000075988;   30.40;-4.97249e-11
0000000007;00:01:15;0000075988;   30.60;-4.97249e-11
0000000007;00:01:15;0000075988;   30.80;-3.86749e-11
0000000007;00:01:15;0000075988;   31.00; 2.20999e-11
0000000007;00:01:15;0000075988;   31.20; 3.31499e-11
0000000007;00:01:15;0000075988;   31.40;-4.97249e-11
0000000007;00:01:15;0000075988;   31.60; 0.00000e+00
0000000007;00:01:15;0000075988;   31.80; 1.65749e-10
0000000007;00:01:15;0000075988;   32.00; 3.48074e-10
0000000007;00:01:15;0000075988;   32.20; 3.20449e-10
0000000007;00:01:15;0000075988;   32.40; 1.93374e-10
0000000007;00:01:15;0000075988;   32.60; 4.41999e-11
0000000007;00:01:15;0000075988;   32.80; 4.41999e-11
0000000007;00:01:15;0000075988;   33.00; 2.20999e-11
0000000007;00:01:15;0000075988;   33.20;-2.20999e-11
0000000007;00:01:15;0000075988;   33.40;-3.86749e-11
0000000007;00:01:15;0000075988;   33.60;-5.52499e-12
0000000007;00:01:15;0000075988;   33.80; 0.00000e+00
0000000007;00:01:15;0000075988;   34.00;-4.41999e-11
0000000007;00:01:15;0000075988;   34.20;-3.86749e-11
0000000007;00:01:15;0000075988;   34.40; 3.31499e-11
0000000007;00:01:15;0000075988;   34.60; 3.31499e-11
0000000007;00:01:15;0000075988;   34.80; 6.07740e-11
0000000007;00:01:15;0000075988;   35.00; 4.97249e-11
0000000007;00:01:15;0000075988;   35.20; 9.39240e-11
0000000007;00:01:15;0000075988;   35.40; 4.41999e-11
0000000007;00:01:15;0000075988;   35.60; 2.76249e-11
0000000007;00:01:15;0000075988;   35.80;-3.31499e-11
0000000007;00:01:15;0000075988;   36.00;-6.07740e-11
0000000007;00:01:15;0000075988;   36.20;-2.76249e-11
0000000007;00:01:15;0000075988;   36.40; 2.20999e-11
0000000007;00:01:15;0000075988;   36.60;-3.86749e-11
0000000007;00:01:15;0000075988;   36.80; 5.52499e-12
0000000007;00:01:15;0000075988;   37.00; 3.31499e-11
0000000007;00:01:15;0000075988;   37.20; 3.31499e-11
0000000007;00:01:15;0000075988;   37.40; 4.41999e-11
0000000007;00:01:15;0000075988;   37.60;-5.52499e-12
0000000007;00:01:15;0000075988;   37.80;-3.31499e-11
0000000007;00:01:15;0000075988;   38.00;-4.97249e-11
0000000007;00:01:15;0000075988;   38.20; 5.52499e-12
0000000007;00:01:15;0000075988;   38.40;-1.10499e-11
0000000007;00:01:15;0000075988;   38.60; 0.00000e+00
0000000007;00:01:15;0000075988;   38.80;-4.41999e-11
0000000007;00:01:15;0000075988;   39.00;-2.76249e-11
0000000007;00:01:15;0000075988;   39.20;-4.41999e-11
0000000007;00:01:15;0000075988;   39.40;-5.52499e-12
0000000007;00:01:15;0000075988;   39.60;-4.41999e-11
0000000007;00:01:15;0000075988;   39.80;-2.20999e-11
0000000007;00:01:15;0000075988;   40.00; 5.52499e-12
0000000007;00:01:15;0000075988;   40.20;-3.31499e-11
0000000007;00:01:15;0000075988;   40.40;-5.52499e-11
0000000007;00:01:15;0000075988;   40.60;-4.41999e-11
0000000007;00:01:15;0000075988;   40.80;-5.52499e-12
0000000007;00:01:15;0000075988;   41.00;-2.76249e-11
0000000007;00:01:15;0000075988;   41.20; 1.65749e-11
0000000007;00:01:15;0000075988;   41.40;-5.52499e-12
0000000007;00:01:15;0000075988;   41.60; 1.65749e-11
0000000007;00:01:15;0000075988;   41.80; 1.10499e-11
0000000007;00:01:15;0000075988;   42.00;-2.20999e-11
0000000007;00:01:15;0000075988;   42.20;-3.86749e-11
0000000007;00:01:15;0000075988;   42.40; 0.00000e+00
0000000007;00:01:15;0000075988;   42.60; 5.52499e-12
0000000007;00:01:15;0000075988;   42.80; 3.86749e-11
0000000007;00:01:15;0000075988;   43.00; 2.20999e-11
0000000007;00:01:15;0000075988;   43.20; 5.52499e-12
0000000007;00:01:15;0000075988;   43.40; 1.10499e-11
0000000007;00:01:15;0000075988;   43.60; 4.41999e-11
0000000007;00:01:15;0000075988;   43.80; 5.13824e-10
0000000007;00:01:15;0000075988;   44.00; 1.13262e-09
0000000007;00:01:15;0000075988;   44.20; 1.40887e-09
0000000007;00:01:15;0000075988;   44.40; 7.62449e-10
0000000007;00:01:15;0000075988;   44.60; 2.04424e-10
0000000007;00:01:15;0000075988;   44.80; 1.65749e-11
0000000007;00:01:15;0000075988;   45.00; 1.65749e-11
0000000007;00:01:15;0000075988;   45.20; 4.41999e-11
0000000007;00:01:15;0000075988;   45.40;-4.41999e-11
0000000007;00:01:15;0000075988;   45.60;-5.52499e-11
0000000007;00:01:15;0000075988;   45.80;-3.86749e-11
0000000007;00:01:15;0000075988;   46.00;-1.10499e-11
0000000007;00:01:15;0000075988;   46.20;-2.20999e-11
0000000007;00:01:15;0000075988;   46.40;-4.97249e-11
0000000007;00:01:15;0000075988;   46.60;-3.31499e-11
0000000007;00:01:15;0000075988;   46.80;-2.76249e-11
0000000007;00:01:15;0000075988;   47.00;-1.65749e-11
0000000007;00:01:15;0000075988;   47.20;-2.76249e-11
0000000007;00:01:15;0000075988;   47.40;-8.28740e-11
0000000007;00:01:15;0000075988;   47.60;-6.62990e-11
0000000007;00:01:15;0000075988;   47.80;-1.65749e-11
0000000007;00:01:15;0000075988;   48.00; 1.10499e-11
0000000007;00:01:15;0000075988;   48.20;-4.41999e-11
0000000007;00:01:15;0000075988;   48.40; 0.00000e+00
0000000007;00:01:15;0000075988;   48.60;-3.86749e-11
0000000007;00:01:15;0000075988;   48.80; 4.97249e-11
0000000007;00:01:15;0000075988;   49.00;-1.10499e-11
0000000007;00:01:15;0000075988;   49.20;-2.76249e-11
0000000007;00:01:15;0000075988;   49.40;-4.97249e-11
0000000007;00:01:15;0000075988;   49.60;-1.10499e-11
0000000007;00:01:15;0000075988;   49.80;-3.31499e-11
0000000007;00:01:15;0000075988;   50.00;-2.76249e-11
